I.No	gene_symbol	gene_ensembl_id	mirna_name	mirna_db_id	interaction_score
1	EPC2	ENSG00000135999	hsa-miR-3682-3p	MIMAT0018110	0.9999985995769
2	ARMCX6	ENSG00000198960	hsa-miR-3682-3p	MIMAT0018110	0.999980786629662
3	PPY	ENSG00000108849	hsa-miR-7851-3p	MIMAT0030426	0.999941355204024
4	FAM83C	ENSG00000125998	hsa-miR-3682-3p	MIMAT0018110	0.999925587262082
5	SCAI	ENSG00000173611	hsa-miR-3682-3p	MIMAT0018110	0.999911542327046
6	ARMCX2	ENSG00000184867	hsa-miR-3682-3p	MIMAT0018110	0.999898538459975
7	TMEM115	ENSG00000126062	hsa-miR-7851-3p	MIMAT0030426	0.999789402555129
8	AC114982.2	ENSG00000288643	hsa-miR-3682-3p	MIMAT0018110	0.999685876664615
9	OGT	ENSG00000147162	hsa-miR-7851-3p	MIMAT0030426	0.999636057250027
10	APCDD1L	ENSG00000198768	hsa-miR-3682-3p	MIMAT0018110	0.999533157553034
11	RBM25	ENSG00000119707	hsa-miR-7851-3p	MIMAT0030426	0.999524831261787
12	ARMCX3	ENSG00000102401	hsa-miR-3682-3p	MIMAT0018110	0.999215059124424
13	SERPINA9	ENSG00000170054	hsa-miR-7851-3p	MIMAT0030426	0.998685569437705
14	RBMS1	ENSG00000153250	hsa-miR-649	MIMAT0003319	0.998667910722969
15	CAPZA1	ENSG00000116489	hsa-miR-7851-3p	MIMAT0030426	0.998351170269668
16	NCR3LG1	ENSG00000188211	hsa-miR-7851-3p	MIMAT0030426	0.99820869030814
17	PTCHD4	ENSG00000244694	hsa-miR-3682-3p	MIMAT0018110	0.997788806158515
18	FXR1	ENSG00000114416	hsa-miR-3682-3p	MIMAT0018110	0.997117223728937
19	NFKBIZ	ENSG00000144802	hsa-miR-7851-3p	MIMAT0030426	0.996675726547239
20	MOSPD2	ENSG00000130150	hsa-miR-3682-3p	MIMAT0018110	0.995228413570377
21	C14orf28	ENSG00000179476	hsa-miR-7851-3p	MIMAT0030426	0.994894160570645
22	PGR	ENSG00000082175	hsa-miR-3682-3p	MIMAT0018110	0.99485533894751
23	CCER1	ENSG00000197651	hsa-miR-217-3p	MIMAT0037308	0.993642494151679
24	ZNF540	ENSG00000171817	hsa-miR-3682-3p	MIMAT0018110	0.993481504980152
25	EDEM3	ENSG00000116406	hsa-miR-7851-3p	MIMAT0030426	0.993459346659621
26	MRPL42	ENSG00000198015	hsa-miR-7851-3p	MIMAT0030426	0.993338295882353
27	KCNIP2	ENSG00000120049	hsa-miR-7851-3p	MIMAT0030426	0.993328666905113
28	RAB11A	ENSG00000103769	hsa-miR-7851-3p	MIMAT0030426	0.993105296862581
29	SLC35A3	ENSG00000117620	hsa-miR-3682-3p	MIMAT0018110	0.992950376068387
30	MIPOL1	ENSG00000151338	hsa-miR-3682-3p	MIMAT0018110	0.991768894632084
31	KMT5A	ENSG00000183955	hsa-miR-7851-3p	MIMAT0030426	0.99145928855888
32	NOL10	ENSG00000115761	hsa-miR-649	MIMAT0003319	0.990904917442446
33	ATG5	ENSG00000057663	hsa-miR-7851-3p	MIMAT0030426	0.990254259899618
34	FOXJ3	ENSG00000198815	hsa-miR-217-3p	MIMAT0037308	0.990164848802451
35	TSG101	ENSG00000074319	hsa-miR-3682-3p	MIMAT0018110	0.990005576418431
36	MAT2A	ENSG00000168906	hsa-miR-7851-3p	MIMAT0030426	0.989834392580869
37	LHX8	ENSG00000162624	hsa-miR-7851-3p	MIMAT0030426	0.989714586732566
38	HNRNPA1	ENSG00000135486	hsa-miR-649	MIMAT0003319	0.98969187100225
39	CAND2	ENSG00000144712	hsa-miR-7851-3p	MIMAT0030426	0.989275377053395
40	PCNX4	ENSG00000126773	hsa-miR-3682-3p	MIMAT0018110	0.988566748223798
41	YPEL5	ENSG00000119801	hsa-miR-7851-3p	MIMAT0030426	0.987670224375849
42	KIDINS220	ENSG00000134313	hsa-miR-3682-3p	MIMAT0018110	0.987370393674158
43	EPC2	ENSG00000135999	hsa-miR-7851-3p	MIMAT0030426	0.986959720111358
44	ERVV-2	ENSG00000268964	hsa-miR-7851-3p	MIMAT0030426	0.986569286449394
45	MAGEC1	ENSG00000155495	hsa-miR-649	MIMAT0003319	0.9864603575232
46	SRRD	ENSG00000100104	hsa-miR-7851-3p	MIMAT0030426	0.985915303935783
47	CLEC12A	ENSG00000172322	hsa-miR-7851-3p	MIMAT0030426	0.985582513049634
48	ZDHHC21	ENSG00000175893	hsa-miR-649	MIMAT0003319	0.985500916642609
49	DNAJC24	ENSG00000170946	hsa-miR-3682-3p	MIMAT0018110	0.984583566643624
50	EPC1	ENSG00000120616	hsa-miR-3682-3p	MIMAT0018110	0.98412540165308
51	CHD9	ENSG00000177200	hsa-miR-217-3p	MIMAT0037308	0.98402455842127
52	LCMT2	ENSG00000168806	hsa-miR-7851-3p	MIMAT0030426	0.983753059850559
53	GLP2R	ENSG00000065325	hsa-miR-7851-3p	MIMAT0030426	0.982977932839931
54	OR51I2	ENSG00000187918	hsa-miR-3682-3p	MIMAT0018110	0.982898165829751
55	NRCAM	ENSG00000091129	hsa-miR-7851-3p	MIMAT0030426	0.982530245962387
56	TMEM239	ENSG00000198326	hsa-miR-7851-3p	MIMAT0030426	0.981972338969721
57	FZD3	ENSG00000104290	hsa-miR-217-3p	MIMAT0037308	0.981930690717868
58	JRK	ENSG00000234616	hsa-miR-649	MIMAT0003319	0.981753609582829
59	ZPLD1	ENSG00000170044	hsa-miR-7851-3p	MIMAT0030426	0.981081538281532
60	NCBP3	ENSG00000074356	hsa-miR-7851-3p	MIMAT0030426	0.980907425475056
61	SPRED1	ENSG00000166068	hsa-miR-649	MIMAT0003319	0.980568174695626
62	ST6GALNAC5	ENSG00000117069	hsa-miR-7851-3p	MIMAT0030426	0.980401621453932
63	TMCO1	ENSG00000143183	hsa-miR-7851-3p	MIMAT0030426	0.980088968858986
64	ATP8B3	ENSG00000130270	hsa-miR-3682-3p	MIMAT0018110	0.980043649736123
65	MARK3	ENSG00000075413	hsa-miR-649	MIMAT0003319	0.979698256823122
66	FGG	ENSG00000171557	hsa-miR-7851-3p	MIMAT0030426	0.979560853753731
67	ELMOD1	ENSG00000110675	hsa-miR-7851-3p	MIMAT0030426	0.979240533670525
68	AL121594.1	ENSG00000258790	hsa-miR-7851-3p	MIMAT0030426	0.979099151214363
69	MGAT4C	ENSG00000182050	hsa-miR-3682-3p	MIMAT0018110	0.978636233902555
70	ZNF281	ENSG00000162702	hsa-miR-649	MIMAT0003319	0.978480170894771
71	TP53TG3F	ENSG00000278848	hsa-miR-217-3p	MIMAT0037308	0.978334806977952
72	CRYZL1	ENSG00000205758	hsa-miR-3682-3p	MIMAT0018110	0.978319685264518
73	KIN	ENSG00000151657	hsa-miR-649	MIMAT0003319	0.977971297144936
74	PEG3	ENSG00000198300	hsa-miR-649	MIMAT0003319	0.977842564445054
75	MEGF9	ENSG00000106780	hsa-miR-7851-3p	MIMAT0030426	0.977201079036087
76	MAN2B2	ENSG00000013288	hsa-miR-7851-3p	MIMAT0030426	0.976165997158698
77	TBC1D15	ENSG00000121749	hsa-miR-217-3p	MIMAT0037308	0.976099545802664
78	GOLM2	ENSG00000166734	hsa-miR-649	MIMAT0003319	0.975932381969342
79	ZBTB20	ENSG00000181722	hsa-miR-3682-3p	MIMAT0018110	0.975752602174403
80	PATZ1	ENSG00000100105	hsa-miR-7851-3p	MIMAT0030426	0.97573654100763
81	DSG2	ENSG00000046604	hsa-miR-3682-3p	MIMAT0018110	0.975447032851469
82	MRTFB	ENSG00000186260	hsa-miR-3682-3p	MIMAT0018110	0.975394058023937
83	UBR3	ENSG00000144357	hsa-miR-7851-3p	MIMAT0030426	0.975304888871504
84	ZIC5	ENSG00000139800	hsa-miR-649	MIMAT0003319	0.975244752196113
85	ZNF853	ENSG00000236609	hsa-miR-3682-3p	MIMAT0018110	0.974878429126173
86	AC104389.5	ENSG00000239920	hsa-miR-3682-3p	MIMAT0018110	0.974686976377149
87	PHIP	ENSG00000146247	hsa-miR-7851-3p	MIMAT0030426	0.974457660386824
88	BTN3A1	ENSG00000026950	hsa-miR-3682-3p	MIMAT0018110	0.974379185842749
89	METAP2	ENSG00000111142	hsa-miR-7851-3p	MIMAT0030426	0.974256797742933
90	FAXC	ENSG00000146267	hsa-miR-7851-3p	MIMAT0030426	0.974070766690731
91	GASK1B	ENSG00000164125	hsa-miR-3682-3p	MIMAT0018110	0.973801112754489
92	ABL2	ENSG00000143322	hsa-miR-7851-3p	MIMAT0030426	0.973527440365627
93	CCR1	ENSG00000163823	hsa-miR-7851-3p	MIMAT0030426	0.972339023708256
94	ZC3H14	ENSG00000100722	hsa-miR-217-3p	MIMAT0037308	0.971499614129323
95	VEGFD	ENSG00000165197	hsa-miR-7851-3p	MIMAT0030426	0.97136953142681
96	BCAS2	ENSG00000116752	hsa-miR-3682-3p	MIMAT0018110	0.970547587191556
97	KMT5A	ENSG00000183955	hsa-miR-649	MIMAT0003319	0.969670130941705
98	CEP350	ENSG00000135837	hsa-miR-217-3p	MIMAT0037308	0.968590985243525
99	BICRAL	ENSG00000112624	hsa-miR-649	MIMAT0003319	0.968317012587567
100	ACSL6	ENSG00000164398	hsa-miR-3682-3p	MIMAT0018110	0.968196149110492
101	FRRS1	ENSG00000156869	hsa-miR-3682-3p	MIMAT0018110	0.96817198647536
102	SLCO2B1	ENSG00000137491	hsa-miR-7851-3p	MIMAT0030426	0.967452535561318
103	FOXJ1	ENSG00000129654	hsa-miR-7851-3p	MIMAT0030426	0.967396877814083
104	E2F2	ENSG00000007968	hsa-miR-7851-3p	MIMAT0030426	0.967283205298631
105	HELLS	ENSG00000119969	hsa-miR-649	MIMAT0003319	0.967150620020466
106	TRIM47	ENSG00000132481	hsa-miR-7851-3p	MIMAT0030426	0.967142284205742
107	GPR173	ENSG00000184194	hsa-miR-3682-3p	MIMAT0018110	0.966633729067184
108	CABYR	ENSG00000154040	hsa-miR-217-3p	MIMAT0037308	0.966365365390953
109	MGAT4C	ENSG00000182050	hsa-miR-217-3p	MIMAT0037308	0.966211420406108
110	C12orf50	ENSG00000165805	hsa-miR-217-3p	MIMAT0037308	0.965788836822547
111	MXI1	ENSG00000119950	hsa-miR-7851-3p	MIMAT0030426	0.965400756941924
112	TYRO3	ENSG00000092445	hsa-miR-7851-3p	MIMAT0030426	0.964535835700369
113	KITLG	ENSG00000049130	hsa-miR-649	MIMAT0003319	0.964451921922859
114	OR6C75	ENSG00000187857	hsa-miR-3682-3p	MIMAT0018110	0.963988977878085
115	RSBN1	ENSG00000081019	hsa-miR-649	MIMAT0003319	0.963323938140298
116	MAX	ENSG00000125952	hsa-miR-7851-3p	MIMAT0030426	0.963061669157866
117	CAMSAP2	ENSG00000118200	hsa-miR-649	MIMAT0003319	0.962740285345221
118	CBL	ENSG00000110395	hsa-miR-7851-3p	MIMAT0030426	0.961072542964797
119	C5orf24	ENSG00000181904	hsa-miR-217-3p	MIMAT0037308	0.960665007723455
120	KCNAB3	ENSG00000170049	hsa-miR-7851-3p	MIMAT0030426	0.960591466546291
121	EREG	ENSG00000124882	hsa-miR-7851-3p	MIMAT0030426	0.960433494530245
122	AL022238.3	ENSG00000284431	hsa-miR-3682-3p	MIMAT0018110	0.959224953283657
123	AKAIN1	ENSG00000231824	hsa-miR-3682-3p	MIMAT0018110	0.959223126110913
124	MEIOC	ENSG00000180336	hsa-miR-217-3p	MIMAT0037308	0.959060390796027
125	TRMT9B	ENSG00000250305	hsa-miR-7851-3p	MIMAT0030426	0.958981264019779
126	CCNT1	ENSG00000129315	hsa-miR-3682-3p	MIMAT0018110	0.958815137519425
127	SRP14	ENSG00000140319	hsa-miR-3682-3p	MIMAT0018110	0.958593774839619
128	HCN1	ENSG00000164588	hsa-miR-649	MIMAT0003319	0.958482103971683
129	NTRK3	ENSG00000140538	hsa-miR-7851-3p	MIMAT0030426	0.95846688626712
130	YWHAZ	ENSG00000164924	hsa-miR-649	MIMAT0003319	0.957985787102306
131	CAND1	ENSG00000111530	hsa-miR-649	MIMAT0003319	0.957671462702101
132	FAM241A	ENSG00000174749	hsa-miR-7851-3p	MIMAT0030426	0.957537797578363
133	GEN1	ENSG00000178295	hsa-miR-7851-3p	MIMAT0030426	0.957050935538354
134	DPH5	ENSG00000117543	hsa-miR-7851-3p	MIMAT0030426	0.956964868767437
135	TTC9	ENSG00000133985	hsa-miR-3682-3p	MIMAT0018110	0.956344761062389
136	UBE2E3	ENSG00000170035	hsa-miR-3682-3p	MIMAT0018110	0.955890730714565
137	GGT7	ENSG00000131067	hsa-miR-7851-3p	MIMAT0030426	0.955583045457025
138	AK2	ENSG00000004455	hsa-miR-7851-3p	MIMAT0030426	0.955396350992672
139	KNCN	ENSG00000162456	hsa-miR-3682-3p	MIMAT0018110	0.955392860241854
140	GSK3B	ENSG00000082701	hsa-miR-7851-3p	MIMAT0030426	0.954811076258157
141	DYNC2LI1	ENSG00000138036	hsa-miR-3682-3p	MIMAT0018110	0.954689183862002
142	PCARE	ENSG00000179270	hsa-miR-7851-3p	MIMAT0030426	0.954603858343002
143	PDP2	ENSG00000172840	hsa-miR-7851-3p	MIMAT0030426	0.95449004086196
144	RHOU	ENSG00000116574	hsa-miR-7851-3p	MIMAT0030426	0.953921511040696
145	ZNF324	ENSG00000083812	hsa-miR-7851-3p	MIMAT0030426	0.953264647313076
146	BACH2	ENSG00000112182	hsa-miR-649	MIMAT0003319	0.953048915743807
147	PSMB9	ENSG00000240065	hsa-miR-7851-3p	MIMAT0030426	0.952992990106607
148	ACVR2A	ENSG00000121989	hsa-miR-649	MIMAT0003319	0.952941869347594
149	RTL6	ENSG00000188636	hsa-miR-7851-3p	MIMAT0030426	0.95275416859742
150	PROX2	ENSG00000119608	hsa-miR-3682-3p	MIMAT0018110	0.95241025463535
151	ARID2	ENSG00000189079	hsa-miR-649	MIMAT0003319	0.952037469139188
152	SGPP1	ENSG00000126821	hsa-miR-7851-3p	MIMAT0030426	0.951736023699177
153	LIPA	ENSG00000107798	hsa-miR-7851-3p	MIMAT0030426	0.951704449357767
154	HNRNPD	ENSG00000138668	hsa-miR-3682-3p	MIMAT0018110	0.951627508754578
155	SERF1B	ENSG00000205572	hsa-miR-7851-3p	MIMAT0030426	0.950909238106826
156	ACTR3C	ENSG00000106526	hsa-miR-7851-3p	MIMAT0030426	0.950647689071317
157	CD8B	ENSG00000172116	hsa-miR-7851-3p	MIMAT0030426	0.950037272296097
158	BCL2L11	ENSG00000153094	hsa-miR-217-3p	MIMAT0037308	0.949408630539758
159	FNBP1	ENSG00000187239	hsa-miR-3682-3p	MIMAT0018110	0.949195338491083
160	MAGI1	ENSG00000151276	hsa-miR-3682-3p	MIMAT0018110	0.948926798315293
161	FUT9	ENSG00000172461	hsa-miR-3682-3p	MIMAT0018110	0.948666786931274
162	ITPRID2	ENSG00000138434	hsa-miR-3682-3p	MIMAT0018110	0.948614968047362
163	MDGA2	ENSG00000139915	hsa-miR-7851-3p	MIMAT0030426	0.948466648366737
164	CCNG2	ENSG00000138764	hsa-miR-649	MIMAT0003319	0.948232276012636
165	PDGFD	ENSG00000170962	hsa-miR-3682-3p	MIMAT0018110	0.948206401062005
166	VAMP8	ENSG00000118640	hsa-miR-3682-3p	MIMAT0018110	0.947510768968026
167	FSD1L	ENSG00000106701	hsa-miR-649	MIMAT0003319	0.947491315401281
168	AL513165.2	ENSG00000256966	hsa-miR-7851-3p	MIMAT0030426	0.947426098244315
169	OR11A1	ENSG00000204694	hsa-miR-7851-3p	MIMAT0030426	0.94707580292663
170	SV2C	ENSG00000122012	hsa-miR-649	MIMAT0003319	0.946487533881607
171	ZNF131	ENSG00000172262	hsa-miR-7851-3p	MIMAT0030426	0.946204898230932
172	AKIRIN2	ENSG00000135334	hsa-miR-649	MIMAT0003319	0.945719756784696
173	SLC30A4	ENSG00000104154	hsa-miR-7851-3p	MIMAT0030426	0.94493379345177
174	ZBBX	ENSG00000169064	hsa-miR-3682-3p	MIMAT0018110	0.944761785824881
175	PCLO	ENSG00000186472	hsa-miR-217-3p	MIMAT0037308	0.944758973561133
176	KIAA1958	ENSG00000165185	hsa-miR-649	MIMAT0003319	0.94416110881563
177	GPR135	ENSG00000181619	hsa-miR-3682-3p	MIMAT0018110	0.943655764487774
178	GRIA1	ENSG00000155511	hsa-miR-649	MIMAT0003319	0.943562456211531
179	ELK3	ENSG00000111145	hsa-miR-217-3p	MIMAT0037308	0.9435429902759
180	SMAD2	ENSG00000175387	hsa-miR-217-3p	MIMAT0037308	0.943503274882872
181	TFB1M	ENSG00000029639	hsa-miR-3682-3p	MIMAT0018110	0.942670535484316
182	C12orf45	ENSG00000151131	hsa-miR-649	MIMAT0003319	0.942466274572779
183	VPS13B	ENSG00000132549	hsa-miR-649	MIMAT0003319	0.942099521101449
184	ZFC3H1	ENSG00000133858	hsa-miR-217-3p	MIMAT0037308	0.942084707075004
185	FAM78B	ENSG00000188859	hsa-miR-7851-3p	MIMAT0030426	0.941880643231094
186	UGP2	ENSG00000169764	hsa-miR-3682-3p	MIMAT0018110	0.941058886591247
187	QSER1	ENSG00000060749	hsa-miR-3682-3p	MIMAT0018110	0.94105514102976
188	SLC9B2	ENSG00000164038	hsa-miR-3682-3p	MIMAT0018110	0.940790263772838
189	CD8B2	ENSG00000254126	hsa-miR-7851-3p	MIMAT0030426	0.940757157682939
190	GALNTL6	ENSG00000174473	hsa-miR-649	MIMAT0003319	0.940055371021399
191	SLC35A2	ENSG00000102100	hsa-miR-7851-3p	MIMAT0030426	0.940043481960289
192	ZNF776	ENSG00000152443	hsa-miR-7851-3p	MIMAT0030426	0.939684258473585
193	RNF111	ENSG00000157450	hsa-miR-217-3p	MIMAT0037308	0.939457704895614
194	SLC4A7	ENSG00000033867	hsa-miR-217-3p	MIMAT0037308	0.939321832251305
195	LAS1L	ENSG00000001497	hsa-miR-217-3p	MIMAT0037308	0.938916817708389
196	SMC2	ENSG00000136824	hsa-miR-3682-3p	MIMAT0018110	0.938368428869909
197	HIPK1	ENSG00000163349	hsa-miR-217-3p	MIMAT0037308	0.938096034541587
198	HCN4	ENSG00000138622	hsa-miR-7851-3p	MIMAT0030426	0.938009429292321
199	ACSM1	ENSG00000166743	hsa-miR-7851-3p	MIMAT0030426	0.937434107706706
200	DPP8	ENSG00000074603	hsa-miR-649	MIMAT0003319	0.937401869585451
201	RPS6KA3	ENSG00000177189	hsa-miR-649	MIMAT0003319	0.937072829697249
202	AMOTL1	ENSG00000166025	hsa-miR-217-3p	MIMAT0037308	0.936941500351203
203	C12orf73	ENSG00000204954	hsa-miR-3682-3p	MIMAT0018110	0.936912111200873
204	LANCL2	ENSG00000132434	hsa-miR-7851-3p	MIMAT0030426	0.936910471184625
205	CACNG2	ENSG00000166862	hsa-miR-7851-3p	MIMAT0030426	0.936848645839214
206	FRMPD4	ENSG00000169933	hsa-miR-3682-3p	MIMAT0018110	0.936779167243322
207	COX7C	ENSG00000127184	hsa-miR-217-3p	MIMAT0037308	0.936617557254023
208	ATXN1	ENSG00000124788	hsa-miR-649	MIMAT0003319	0.936194656956905
209	PAXIP1	ENSG00000157212	hsa-miR-7851-3p	MIMAT0030426	0.936056012493484
210	TTC7B	ENSG00000165914	hsa-miR-7851-3p	MIMAT0030426	0.93597381358405
211	TRIM4	ENSG00000146833	hsa-miR-7851-3p	MIMAT0030426	0.935780877223835
212	LST1	ENSG00000204482	hsa-miR-3682-3p	MIMAT0018110	0.935435997452257
213	IGSF9B	ENSG00000080854	hsa-miR-217-3p	MIMAT0037308	0.935037131435256
214	GREM1	ENSG00000166923	hsa-miR-7851-3p	MIMAT0030426	0.934677479841825
215	ZBED6	ENSG00000257315	hsa-miR-217-3p	MIMAT0037308	0.934633465077653
216	RANBP17	ENSG00000204764	hsa-miR-3682-3p	MIMAT0018110	0.934294193927072
217	HSBP1	ENSG00000230989	hsa-miR-649	MIMAT0003319	0.934110184969997
218	BMP8A	ENSG00000183682	hsa-miR-7851-3p	MIMAT0030426	0.933877958886055
219	TNFAIP2	ENSG00000185215	hsa-miR-7851-3p	MIMAT0030426	0.933796306282917
220	XKR4	ENSG00000206579	hsa-miR-3682-3p	MIMAT0018110	0.933742144171512
221	C1orf141	ENSG00000203963	hsa-miR-3682-3p	MIMAT0018110	0.933544766597312
222	CYP1A1	ENSG00000140465	hsa-miR-7851-3p	MIMAT0030426	0.933440761072197
223	STOX2	ENSG00000173320	hsa-miR-217-3p	MIMAT0037308	0.933304806918891
224	TMEM104	ENSG00000109066	hsa-miR-7851-3p	MIMAT0030426	0.933302901772752
225	TNRC6B	ENSG00000100354	hsa-miR-649	MIMAT0003319	0.933301645170858
226	ZC3H6	ENSG00000188177	hsa-miR-217-3p	MIMAT0037308	0.932790048301194
227	FBXW2	ENSG00000119402	hsa-miR-3682-3p	MIMAT0018110	0.932613115028224
228	ELAVL3	ENSG00000196361	hsa-miR-649	MIMAT0003319	0.932317261676234
229	MON2	ENSG00000061987	hsa-miR-217-3p	MIMAT0037308	0.932266523861285
230	ARMC5	ENSG00000140691	hsa-miR-7851-3p	MIMAT0030426	0.932205507475208
231	HS6ST2	ENSG00000171004	hsa-miR-217-3p	MIMAT0037308	0.93208534217683
232	RSPO3	ENSG00000146374	hsa-miR-3682-3p	MIMAT0018110	0.931935508763719
233	SLC38A1	ENSG00000111371	hsa-miR-7851-3p	MIMAT0030426	0.931888358857855
234	SLC1A3	ENSG00000079215	hsa-miR-7851-3p	MIMAT0030426	0.931856580523433
235	CYRIA	ENSG00000197872	hsa-miR-7851-3p	MIMAT0030426	0.931818497952236
236	AIDA	ENSG00000186063	hsa-miR-649	MIMAT0003319	0.931567600130254
237	CTBS	ENSG00000117151	hsa-miR-217-3p	MIMAT0037308	0.931471388893615
238	FAM122A	ENSG00000187866	hsa-miR-217-3p	MIMAT0037308	0.931128126316897
239	GFOD2	ENSG00000141098	hsa-miR-7851-3p	MIMAT0030426	0.9311213328909
240	HEMK1	ENSG00000114735	hsa-miR-7851-3p	MIMAT0030426	0.93109910447108
241	SENP5	ENSG00000119231	hsa-miR-649	MIMAT0003319	0.930906425033567
242	SOX11	ENSG00000176887	hsa-miR-217-3p	MIMAT0037308	0.930676502219829
243	ZNF850	ENSG00000267041	hsa-miR-7851-3p	MIMAT0030426	0.930629323501269
244	LPP	ENSG00000145012	hsa-miR-3682-3p	MIMAT0018110	0.930616514462984
245	TOR1AIP2	ENSG00000169905	hsa-miR-649	MIMAT0003319	0.930491854689464
246	ABCC8	ENSG00000006071	hsa-miR-3682-3p	MIMAT0018110	0.930470571238122
247	GNAQ	ENSG00000156052	hsa-miR-7851-3p	MIMAT0030426	0.930153929231851
248	KALRN	ENSG00000160145	hsa-miR-649	MIMAT0003319	0.929932050495558
249	AP3B2	ENSG00000103723	hsa-miR-3682-3p	MIMAT0018110	0.929747092552953
250	FARSB	ENSG00000116120	hsa-miR-7851-3p	MIMAT0030426	0.929136878884884
251	RASGEF1B	ENSG00000138670	hsa-miR-7851-3p	MIMAT0030426	0.929118163460213
252	STX6	ENSG00000135823	hsa-miR-7851-3p	MIMAT0030426	0.928906977291616
253	SERF1A	ENSG00000172058	hsa-miR-7851-3p	MIMAT0030426	0.928057397854171
254	DDX46	ENSG00000145833	hsa-miR-3682-3p	MIMAT0018110	0.928037548829452
255	DNAL1	ENSG00000119661	hsa-miR-217-3p	MIMAT0037308	0.927519398980591
256	NFAT5	ENSG00000102908	hsa-miR-217-3p	MIMAT0037308	0.927494015726329
257	STK3	ENSG00000104375	hsa-miR-7851-3p	MIMAT0030426	0.927326421704894
258	NOX1	ENSG00000007952	hsa-miR-7851-3p	MIMAT0030426	0.92669548118817
259	ARL6IP1	ENSG00000170540	hsa-miR-217-3p	MIMAT0037308	0.926563302040645
260	CRIPT	ENSG00000119878	hsa-miR-3682-3p	MIMAT0018110	0.926207490270066
261	SCIN	ENSG00000006747	hsa-miR-217-3p	MIMAT0037308	0.925711679128444
262	SMU1	ENSG00000122692	hsa-miR-7851-3p	MIMAT0030426	0.9256549250558
263	FAT3	ENSG00000165323	hsa-miR-649	MIMAT0003319	0.925075875529213
264	PSD2	ENSG00000146005	hsa-miR-7851-3p	MIMAT0030426	0.924627915777911
265	DRAXIN	ENSG00000162490	hsa-miR-7851-3p	MIMAT0030426	0.924355176329826
266	C5orf24	ENSG00000181904	hsa-miR-3682-3p	MIMAT0018110	0.924298358084638
267	HNRNPA1L2	ENSG00000139675	hsa-miR-649	MIMAT0003319	0.923715859962704
268	SPTLC2	ENSG00000100596	hsa-miR-7851-3p	MIMAT0030426	0.923659814269642
269	ELK4	ENSG00000158711	hsa-miR-7851-3p	MIMAT0030426	0.922662150284198
270	TRDMT1	ENSG00000107614	hsa-miR-3682-3p	MIMAT0018110	0.922458722437654
271	SNRPD1	ENSG00000167088	hsa-miR-649	MIMAT0003319	0.921812393905662
272	IYD	ENSG00000009765	hsa-miR-7851-3p	MIMAT0030426	0.921731590071415
273	FOXG1	ENSG00000176165	hsa-miR-7851-3p	MIMAT0030426	0.921718132096388
274	SNRNP200	ENSG00000144028	hsa-miR-649	MIMAT0003319	0.921681583710982
275	DIAPH3	ENSG00000139734	hsa-miR-3682-3p	MIMAT0018110	0.921372412712201
276	INPP5K	ENSG00000132376	hsa-miR-649	MIMAT0003319	0.920733958784248
277	CYP4F3	ENSG00000186529	hsa-miR-7851-3p	MIMAT0030426	0.920572809602631
278	ANKEF1	ENSG00000132623	hsa-miR-7851-3p	MIMAT0030426	0.920503939848022
279	C2CD2L	ENSG00000172375	hsa-miR-7851-3p	MIMAT0030426	0.920363275570207
280	ERVV-2	ENSG00000268964	hsa-miR-217-3p	MIMAT0037308	0.920106255796686
281	OR52I1	ENSG00000232268	hsa-miR-7851-3p	MIMAT0030426	0.919599518940636
282	ALCAM	ENSG00000170017	hsa-miR-649	MIMAT0003319	0.919310199963547
283	ABCA13	ENSG00000179869	hsa-miR-7851-3p	MIMAT0030426	0.919169469169345
284	DDX24	ENSG00000089737	hsa-miR-7851-3p	MIMAT0030426	0.919138060060128
285	OSBPL3	ENSG00000070882	hsa-miR-7851-3p	MIMAT0030426	0.919079595805264
286	DHH	ENSG00000139549	hsa-miR-7851-3p	MIMAT0030426	0.918814327013865
287	SMARCA2	ENSG00000080503	hsa-miR-3682-3p	MIMAT0018110	0.91869241530338
288	MMP16	ENSG00000156103	hsa-miR-3682-3p	MIMAT0018110	0.918492912931331
289	ANKLE2	ENSG00000176915	hsa-miR-7851-3p	MIMAT0030426	0.918382621906956
290	CKAP2	ENSG00000136108	hsa-miR-649	MIMAT0003319	0.918226252976479
291	CHEK2	ENSG00000183765	hsa-miR-3682-3p	MIMAT0018110	0.918120357983236
292	KRT38	ENSG00000171360	hsa-miR-7851-3p	MIMAT0030426	0.91793615887042
293	TK2	ENSG00000166548	hsa-miR-7851-3p	MIMAT0030426	0.917796326832488
294	NXPH1	ENSG00000122584	hsa-miR-3682-3p	MIMAT0018110	0.917535929502394
295	XKR4	ENSG00000206579	hsa-miR-217-3p	MIMAT0037308	0.917272059089251
296	REELD1	ENSG00000250673	hsa-miR-217-3p	MIMAT0037308	0.917050117411991
297	SP4	ENSG00000105866	hsa-miR-217-3p	MIMAT0037308	0.916985411369357
298	CBX5	ENSG00000094916	hsa-miR-217-3p	MIMAT0037308	0.916973587532009
299	THEM4	ENSG00000159445	hsa-miR-7851-3p	MIMAT0030426	0.916910488407803
300	KCNMA1	ENSG00000156113	hsa-miR-7851-3p	MIMAT0030426	0.916869224469913
301	CACNB1	ENSG00000067191	hsa-miR-3682-3p	MIMAT0018110	0.916804886892011
302	PLPPR4	ENSG00000117600	hsa-miR-217-3p	MIMAT0037308	0.91668683411208
303	ZNF148	ENSG00000163848	hsa-miR-217-3p	MIMAT0037308	0.916674262407685
304	KRTAP24-1	ENSG00000188694	hsa-miR-7851-3p	MIMAT0030426	0.916533557007579
305	CARD16	ENSG00000204397	hsa-miR-7851-3p	MIMAT0030426	0.916261585315913
306	WDR6	ENSG00000178252	hsa-miR-7851-3p	MIMAT0030426	0.915941498398194
307	SLC16A14	ENSG00000163053	hsa-miR-3682-3p	MIMAT0018110	0.915935098616053
308	SETD7	ENSG00000145391	hsa-miR-3682-3p	MIMAT0018110	0.915792909336782
309	F13A1	ENSG00000124491	hsa-miR-3682-3p	MIMAT0018110	0.91564825195039
310	CD320	ENSG00000167775	hsa-miR-7851-3p	MIMAT0030426	0.915564508071854
311	BCO1	ENSG00000135697	hsa-miR-3682-3p	MIMAT0018110	0.915469341371227
312	ELOF1	ENSG00000130165	hsa-miR-7851-3p	MIMAT0030426	0.915431661706458
313	G6PC3	ENSG00000141349	hsa-miR-7851-3p	MIMAT0030426	0.915349969638537
314	PTCD3	ENSG00000132300	hsa-miR-649	MIMAT0003319	0.914734806511597
315	FSD1L	ENSG00000106701	hsa-miR-217-3p	MIMAT0037308	0.914463348674138
316	ANKH	ENSG00000154122	hsa-miR-649	MIMAT0003319	0.914261198050538
317	LHX1	ENSG00000273706	hsa-miR-649	MIMAT0003319	0.913543317553819
318	CRACDL	ENSG00000196872	hsa-miR-3682-3p	MIMAT0018110	0.913415243898686
319	CCDC40	ENSG00000141519	hsa-miR-7851-3p	MIMAT0030426	0.913340742369577
320	DRAM2	ENSG00000156171	hsa-miR-3682-3p	MIMAT0018110	0.913338126202916
321	EFNB1	ENSG00000090776	hsa-miR-3682-3p	MIMAT0018110	0.913186830136954
322	PHTF2	ENSG00000006576	hsa-miR-217-3p	MIMAT0037308	0.913032449116733
323	PPP1R18	ENSG00000146112	hsa-miR-7851-3p	MIMAT0030426	0.912950223803365
324	CHD1L	ENSG00000131778	hsa-miR-649	MIMAT0003319	0.912883577674008
325	PIGA	ENSG00000165195	hsa-miR-649	MIMAT0003319	0.912841271185607
326	POGZ	ENSG00000143442	hsa-miR-649	MIMAT0003319	0.912743114935052
327	PCDH9	ENSG00000184226	hsa-miR-217-3p	MIMAT0037308	0.912613909326948
328	STXBP1	ENSG00000136854	hsa-miR-3682-3p	MIMAT0018110	0.911746474976836
329	PNISR	ENSG00000132424	hsa-miR-649	MIMAT0003319	0.911717505521567
330	ZNF571	ENSG00000180479	hsa-miR-3682-3p	MIMAT0018110	0.911613838697071
331	CCDC6	ENSG00000108091	hsa-miR-649	MIMAT0003319	0.911598317042906
332	NKAIN2	ENSG00000188580	hsa-miR-3682-3p	MIMAT0018110	0.911539280141414
333	EDAR	ENSG00000135960	hsa-miR-3682-3p	MIMAT0018110	0.911178014364103
334	NMNAT3	ENSG00000163864	hsa-miR-3682-3p	MIMAT0018110	0.911168825626361
335	NHLRC2	ENSG00000196865	hsa-miR-3682-3p	MIMAT0018110	0.911085717549335
336	CLN8	ENSG00000182372	hsa-miR-7851-3p	MIMAT0030426	0.91093002814512
337	MED4	ENSG00000136146	hsa-miR-7851-3p	MIMAT0030426	0.910927278159863
338	WDR47	ENSG00000085433	hsa-miR-7851-3p	MIMAT0030426	0.910866467512866
339	EIF4E	ENSG00000151247	hsa-miR-217-3p	MIMAT0037308	0.910742138778299
340	CRIM1	ENSG00000150938	hsa-miR-7851-3p	MIMAT0030426	0.910481090509111
341	MAL2	ENSG00000147676	hsa-miR-7851-3p	MIMAT0030426	0.910325303729085
342	CACNG6	ENSG00000130433	hsa-miR-7851-3p	MIMAT0030426	0.910252621207593
343	AC078927.1	ENSG00000228144	hsa-miR-3682-3p	MIMAT0018110	0.910101759065781
344	CCT3	ENSG00000163468	hsa-miR-3682-3p	MIMAT0018110	0.91004404300782
345	CHRDL1	ENSG00000101938	hsa-miR-649	MIMAT0003319	0.909787727158424
346	CARF	ENSG00000138380	hsa-miR-217-3p	MIMAT0037308	0.909526247391868
347	RPS6KA5	ENSG00000100784	hsa-miR-649	MIMAT0003319	0.909497643374755
348	OTOF	ENSG00000115155	hsa-miR-3682-3p	MIMAT0018110	0.909449732856189
349	SIGLEC5	ENSG00000105501	hsa-miR-217-3p	MIMAT0037308	0.909198904334621
350	ANGPT1	ENSG00000154188	hsa-miR-3682-3p	MIMAT0018110	0.909010715840836
351	GPR65	ENSG00000140030	hsa-miR-3682-3p	MIMAT0018110	0.90854853196057
352	FRMD4A	ENSG00000151474	hsa-miR-649	MIMAT0003319	0.908531793612928
353	PPM1K	ENSG00000163644	hsa-miR-217-3p	MIMAT0037308	0.907993468230423
354	PML	ENSG00000140464	hsa-miR-7851-3p	MIMAT0030426	0.907909721473628
355	SFT2D2	ENSG00000213064	hsa-miR-217-3p	MIMAT0037308	0.907861242657791
356	NRCAM	ENSG00000091129	hsa-miR-217-3p	MIMAT0037308	0.907790978916358
357	KIF3B	ENSG00000101350	hsa-miR-3682-3p	MIMAT0018110	0.907633634185241
358	SNX1	ENSG00000028528	hsa-miR-7851-3p	MIMAT0030426	0.907614937842046
359	ZNF615	ENSG00000197619	hsa-miR-3682-3p	MIMAT0018110	0.907397848321366
360	AAK1	ENSG00000115977	hsa-miR-217-3p	MIMAT0037308	0.907010438654631
361	PLPP7	ENSG00000160539	hsa-miR-7851-3p	MIMAT0030426	0.906562214959954
362	IYD	ENSG00000009765	hsa-miR-3682-3p	MIMAT0018110	0.906477395994933
363	TMED2	ENSG00000086598	hsa-miR-649	MIMAT0003319	0.90580978341827
364	HSF4	ENSG00000102878	hsa-miR-7851-3p	MIMAT0030426	0.905809627548132
365	PRSS56	ENSG00000237412	hsa-miR-7851-3p	MIMAT0030426	0.905650580369641
366	GATA4	ENSG00000136574	hsa-miR-3682-3p	MIMAT0018110	0.905589795962988
367	GRIA3	ENSG00000125675	hsa-miR-217-3p	MIMAT0037308	0.90546510679123
368	STAMBP	ENSG00000124356	hsa-miR-649	MIMAT0003319	0.905386163458629
369	RNF227	ENSG00000179859	hsa-miR-7851-3p	MIMAT0030426	0.905353029231375
370	SLC12A2	ENSG00000064651	hsa-miR-649	MIMAT0003319	0.905066459018938
371	LRRC7	ENSG00000033122	hsa-miR-3682-3p	MIMAT0018110	0.904730003379329
372	RRP8	ENSG00000132275	hsa-miR-7851-3p	MIMAT0030426	0.904639551613616
373	SPATA5	ENSG00000145375	hsa-miR-649	MIMAT0003319	0.904555281838317
374	RSBN1L	ENSG00000187257	hsa-miR-649	MIMAT0003319	0.904422695504107
375	UGDH	ENSG00000109814	hsa-miR-7851-3p	MIMAT0030426	0.904380091779077
376	VWA5A	ENSG00000110002	hsa-miR-7851-3p	MIMAT0030426	0.904235773836834
377	PRPF40A	ENSG00000196504	hsa-miR-217-3p	MIMAT0037308	0.904173873910562
378	POMT1	ENSG00000130714	hsa-miR-7851-3p	MIMAT0030426	0.904130783101356
379	TTN	ENSG00000155657	hsa-miR-3682-3p	MIMAT0018110	0.903800460231806
380	SLC35A2	ENSG00000102100	hsa-miR-649	MIMAT0003319	0.903665451228694
381	PURA	ENSG00000185129	hsa-miR-649	MIMAT0003319	0.903556067822464
382	CCDC80	ENSG00000091986	hsa-miR-3682-3p	MIMAT0018110	0.903513579443566
383	STXBP1	ENSG00000136854	hsa-miR-7851-3p	MIMAT0030426	0.903407779783231
384	INO80D	ENSG00000114933	hsa-miR-217-3p	MIMAT0037308	0.903168949118301
385	ARHGEF38	ENSG00000236699	hsa-miR-3682-3p	MIMAT0018110	0.903158359761831
386	BOLA2	ENSG00000183336	hsa-miR-3682-3p	MIMAT0018110	0.903079043629738
387	SPINK7	ENSG00000145879	hsa-miR-3682-3p	MIMAT0018110	0.902450114315428
388	GNG11	ENSG00000127920	hsa-miR-3682-3p	MIMAT0018110	0.902249293572587
389	APH1B	ENSG00000138613	hsa-miR-7851-3p	MIMAT0030426	0.902039288089128
390	DDX1	ENSG00000079785	hsa-miR-217-3p	MIMAT0037308	0.902006591240929
391	SORBS1	ENSG00000095637	hsa-miR-649	MIMAT0003319	0.902001279845046
392	NKX6-2	ENSG00000148826	hsa-miR-3682-3p	MIMAT0018110	0.901855898993567
393	UBR3	ENSG00000144357	hsa-miR-3682-3p	MIMAT0018110	0.901804643718431
394	GPR180	ENSG00000152749	hsa-miR-649	MIMAT0003319	0.901784461478103
395	CNTN5	ENSG00000149972	hsa-miR-649	MIMAT0003319	0.90168181879992
396	SLC17A5	ENSG00000119899	hsa-miR-3682-3p	MIMAT0018110	0.901579718459027
397	NR2C2	ENSG00000177463	hsa-miR-649	MIMAT0003319	0.901388096270731
398	TXNRD2	ENSG00000184470	hsa-miR-7851-3p	MIMAT0030426	0.901363485956335
399	RARA	ENSG00000131759	hsa-miR-7851-3p	MIMAT0030426	0.901208159782457
400	TXLNA	ENSG00000084652	hsa-miR-7851-3p	MIMAT0030426	0.901162216952648
401	CNKSR2	ENSG00000149970	hsa-miR-3682-3p	MIMAT0018110	0.901088641601909
402	NOP9	ENSG00000196943	hsa-miR-7851-3p	MIMAT0030426	0.901036152980548
403	DCUN1D5	ENSG00000137692	hsa-miR-3682-3p	MIMAT0018110	0.900917712560816
404	KIF2A	ENSG00000068796	hsa-miR-7851-3p	MIMAT0030426	0.900645503980597
405	ST8SIA3	ENSG00000177511	hsa-miR-7851-3p	MIMAT0030426	0.900287366244641
406	RUBCN	ENSG00000145016	hsa-miR-3682-3p	MIMAT0018110	0.899570244593439
407	ZSWIM5	ENSG00000162415	hsa-miR-7851-3p	MIMAT0030426	0.899451521305834
408	AC068547.1	ENSG00000283228	hsa-miR-649	MIMAT0003319	0.899115022791218
409	CYP46A1	ENSG00000036530	hsa-miR-217-3p	MIMAT0037308	0.899089230375262
410	NAMPT	ENSG00000105835	hsa-miR-3682-3p	MIMAT0018110	0.898921630448012
411	GRIK2	ENSG00000164418	hsa-miR-7851-3p	MIMAT0030426	0.89882554100497
412	EIF1AX	ENSG00000173674	hsa-miR-217-3p	MIMAT0037308	0.89868151168772
413	NETO1	ENSG00000166342	hsa-miR-3682-3p	MIMAT0018110	0.898660900760467
414	SCN1A	ENSG00000144285	hsa-miR-3682-3p	MIMAT0018110	0.898562298829074
415	YLPM1	ENSG00000119596	hsa-miR-3682-3p	MIMAT0018110	0.898244710206824
416	FAM199X	ENSG00000123575	hsa-miR-217-3p	MIMAT0037308	0.898150870865825
417	POU6F2	ENSG00000106536	hsa-miR-649	MIMAT0003319	0.897649430686237
418	OR7A5	ENSG00000188269	hsa-miR-3682-3p	MIMAT0018110	0.89740549818656
419	OR9Q1	ENSG00000186509	hsa-miR-3682-3p	MIMAT0018110	0.897132557585005
420	C1orf21	ENSG00000116667	hsa-miR-7851-3p	MIMAT0030426	0.897010318590431
421	CXADR	ENSG00000154639	hsa-miR-7851-3p	MIMAT0030426	0.896980238052839
422	RASSF4	ENSG00000107551	hsa-miR-7851-3p	MIMAT0030426	0.89683231076297
423	OAS1	ENSG00000089127	hsa-miR-649	MIMAT0003319	0.896805223513897
424	NPEPPS	ENSG00000141279	hsa-miR-217-3p	MIMAT0037308	0.896618899908856
425	POU3F4	ENSG00000196767	hsa-miR-217-3p	MIMAT0037308	0.896381883039411
426	EML5	ENSG00000165521	hsa-miR-3682-3p	MIMAT0018110	0.896374775086321
427	CYYR1	ENSG00000166265	hsa-miR-3682-3p	MIMAT0018110	0.896373103378466
428	SNX18	ENSG00000178996	hsa-miR-217-3p	MIMAT0037308	0.896104618031791
429	SP5	ENSG00000204335	hsa-miR-649	MIMAT0003319	0.896085747194037
430	TET2	ENSG00000168769	hsa-miR-3682-3p	MIMAT0018110	0.895946199334091
431	HHLA1	ENSG00000132297	hsa-miR-3682-3p	MIMAT0018110	0.89558266760037
432	MCFD2	ENSG00000180398	hsa-miR-217-3p	MIMAT0037308	0.895376696416339
433	RNF130	ENSG00000113269	hsa-miR-7851-3p	MIMAT0030426	0.89532780730715
434	MPHOSPH6	ENSG00000135698	hsa-miR-7851-3p	MIMAT0030426	0.895232703767156
435	GPR155	ENSG00000163328	hsa-miR-3682-3p	MIMAT0018110	0.895138417958395
436	TAF13	ENSG00000197780	hsa-miR-649	MIMAT0003319	0.89490250388957
437	CDH6	ENSG00000113361	hsa-miR-3682-3p	MIMAT0018110	0.894867353172029
438	EIF2B2	ENSG00000119718	hsa-miR-7851-3p	MIMAT0030426	0.89479831293566
439	LRP2BP	ENSG00000109771	hsa-miR-3682-3p	MIMAT0018110	0.894765425436031
440	HMBOX1	ENSG00000147421	hsa-miR-7851-3p	MIMAT0030426	0.894618832208396
441	AC005520.1	ENSG00000258653	hsa-miR-649	MIMAT0003319	0.894294942210156
442	GABRG2	ENSG00000113327	hsa-miR-3682-3p	MIMAT0018110	0.894075350919673
443	NAMPT	ENSG00000105835	hsa-miR-217-3p	MIMAT0037308	0.894055553258982
444	LRRC7	ENSG00000033122	hsa-miR-649	MIMAT0003319	0.893983082738189
445	COPS2	ENSG00000166200	hsa-miR-649	MIMAT0003319	0.893917583252668
446	FZD3	ENSG00000104290	hsa-miR-3682-3p	MIMAT0018110	0.89386072287759
447	SHTN1	ENSG00000187164	hsa-miR-649	MIMAT0003319	0.893482174207407
448	RBM46	ENSG00000151962	hsa-miR-3682-3p	MIMAT0018110	0.893039829264285
449	IGSF10	ENSG00000152580	hsa-miR-217-3p	MIMAT0037308	0.892930273802782
450	BEST4	ENSG00000142959	hsa-miR-7851-3p	MIMAT0030426	0.892573715916402
451	EIF5B	ENSG00000158417	hsa-miR-3682-3p	MIMAT0018110	0.892478840821252
452	FAM120C	ENSG00000184083	hsa-miR-3682-3p	MIMAT0018110	0.892105618284241
453	SLC41A1	ENSG00000133065	hsa-miR-217-3p	MIMAT0037308	0.891202941075897
454	PCDH20	ENSG00000280165	hsa-miR-649	MIMAT0003319	0.89105356683341
455	ZDHHC24	ENSG00000174165	hsa-miR-7851-3p	MIMAT0030426	0.891021126350415
456	RANBP2	ENSG00000153201	hsa-miR-217-3p	MIMAT0037308	0.890652750293152
457	CTNNA3	ENSG00000183230	hsa-miR-7851-3p	MIMAT0030426	0.8906434268813
458	GAPVD1	ENSG00000165219	hsa-miR-649	MIMAT0003319	0.890506536335744
459	SULT1C4	ENSG00000198075	hsa-miR-3682-3p	MIMAT0018110	0.890372429774149
460	BMPR2	ENSG00000204217	hsa-miR-649	MIMAT0003319	0.890311698639941
461	RCCD1	ENSG00000166965	hsa-miR-7851-3p	MIMAT0030426	0.890263454378428
462	AP1B1	ENSG00000100280	hsa-miR-3682-3p	MIMAT0018110	0.890154807836908
463	IRS1	ENSG00000169047	hsa-miR-3682-3p	MIMAT0018110	0.889149629987387
464	OR51L1	ENSG00000176798	hsa-miR-7851-3p	MIMAT0030426	0.888791234780264
465	VAPB	ENSG00000124164	hsa-miR-217-3p	MIMAT0037308	0.888790987859765
466	UBE2D3	ENSG00000109332	hsa-miR-217-3p	MIMAT0037308	0.888749755048096
467	PDE4B	ENSG00000184588	hsa-miR-217-3p	MIMAT0037308	0.888733521728819
468	STAM	ENSG00000136738	hsa-miR-649	MIMAT0003319	0.888680345821403
469	ARMCX4	ENSG00000196440	hsa-miR-217-3p	MIMAT0037308	0.888630388725658
470	SLC35C2	ENSG00000080189	hsa-miR-649	MIMAT0003319	0.888586345386918
471	GPALPP1	ENSG00000133114	hsa-miR-3682-3p	MIMAT0018110	0.888522299060332
472	AGPS	ENSG00000018510	hsa-miR-3682-3p	MIMAT0018110	0.888470229752966
473	ZNF638	ENSG00000075292	hsa-miR-3682-3p	MIMAT0018110	0.887884095307185
474	INPP4B	ENSG00000109452	hsa-miR-3682-3p	MIMAT0018110	0.887701549176251
475	CC2D2B	ENSG00000188649	hsa-miR-7851-3p	MIMAT0030426	0.887584251310733
476	AFAP1L2	ENSG00000169129	hsa-miR-649	MIMAT0003319	0.88744118442277
477	DNASE1L1	ENSG00000013563	hsa-miR-7851-3p	MIMAT0030426	0.887218979194918
478	BRPF3	ENSG00000096070	hsa-miR-7851-3p	MIMAT0030426	0.887203229499715
479	ZBTB8B	ENSG00000273274	hsa-miR-649	MIMAT0003319	0.887104171613615
480	PURB	ENSG00000146676	hsa-miR-217-3p	MIMAT0037308	0.887017159711171
481	ZNF644	ENSG00000122482	hsa-miR-649	MIMAT0003319	0.886921684195846
482	USP47	ENSG00000170242	hsa-miR-217-3p	MIMAT0037308	0.886892605609171
483	ARL14EPL	ENSG00000268223	hsa-miR-7851-3p	MIMAT0030426	0.886623336094458
484	RFX8	ENSG00000196460	hsa-miR-217-3p	MIMAT0037308	0.886280130089936
485	TTC34	ENSG00000215912	hsa-miR-7851-3p	MIMAT0030426	0.885486601341326
486	BOLL	ENSG00000152430	hsa-miR-217-3p	MIMAT0037308	0.885405494591053
487	PROS1	ENSG00000184500	hsa-miR-3682-3p	MIMAT0018110	0.885253248762095
488	APBB2	ENSG00000163697	hsa-miR-217-3p	MIMAT0037308	0.885208453474467
489	CLEC5A	ENSG00000258227	hsa-miR-217-3p	MIMAT0037308	0.885204440181555
490	PLEKHA1	ENSG00000107679	hsa-miR-649	MIMAT0003319	0.88514484625462
491	ICE2	ENSG00000128915	hsa-miR-649	MIMAT0003319	0.884869559585692
492	MIER2	ENSG00000105556	hsa-miR-217-3p	MIMAT0037308	0.884658342107949
493	SPRY4	ENSG00000187678	hsa-miR-649	MIMAT0003319	0.884647405536287
494	DIPK2A	ENSG00000181744	hsa-miR-7851-3p	MIMAT0030426	0.88458595612026
495	SFT2D2	ENSG00000213064	hsa-miR-7851-3p	MIMAT0030426	0.884555103975141
496	NEGR1	ENSG00000172260	hsa-miR-649	MIMAT0003319	0.884523019427907
497	TCERG1L	ENSG00000176769	hsa-miR-3682-3p	MIMAT0018110	0.884481011369621
498	DYRK1A	ENSG00000157540	hsa-miR-649	MIMAT0003319	0.884021757039002
499	GPC6	ENSG00000183098	hsa-miR-3682-3p	MIMAT0018110	0.883972255848083
500	SIPA1L3	ENSG00000105738	hsa-miR-649	MIMAT0003319	0.883922701058455
501	SUCLA2	ENSG00000136143	hsa-miR-3682-3p	MIMAT0018110	0.883869664037695
502	ZIK1	ENSG00000171649	hsa-miR-3682-3p	MIMAT0018110	0.883769541559051
503	GOLIM4	ENSG00000173905	hsa-miR-7851-3p	MIMAT0030426	0.883753635828205
504	ZBTB8B	ENSG00000273274	hsa-miR-7851-3p	MIMAT0030426	0.88336601104057
505	ZNF330	ENSG00000109445	hsa-miR-217-3p	MIMAT0037308	0.883350393733388
506	RAP1B	ENSG00000127314	hsa-miR-649	MIMAT0003319	0.883346422742113
507	EFL1	ENSG00000140598	hsa-miR-3682-3p	MIMAT0018110	0.883233861157029
508	GABRA2	ENSG00000151834	hsa-miR-649	MIMAT0003319	0.882775599524663
509	CPNE4	ENSG00000196353	hsa-miR-649	MIMAT0003319	0.882672707368464
510	ATL1	ENSG00000198513	hsa-miR-3682-3p	MIMAT0018110	0.882606653023297
511	SLC2A4RG	ENSG00000125520	hsa-miR-649	MIMAT0003319	0.882591922641312
512	ZNF141	ENSG00000131127	hsa-miR-7851-3p	MIMAT0030426	0.882579705509178
513	PAX9	ENSG00000198807	hsa-miR-7851-3p	MIMAT0030426	0.882562710097743
514	IFT172	ENSG00000138002	hsa-miR-7851-3p	MIMAT0030426	0.882490329665238
515	SRD5A1	ENSG00000145545	hsa-miR-3682-3p	MIMAT0018110	0.881991155857073
516	PHF6	ENSG00000156531	hsa-miR-3682-3p	MIMAT0018110	0.881666200952783
517	WEE2	ENSG00000214102	hsa-miR-7851-3p	MIMAT0030426	0.881539889585741
518	MOSMO	ENSG00000185716	hsa-miR-649	MIMAT0003319	0.881400537748059
519	PANK2	ENSG00000125779	hsa-miR-7851-3p	MIMAT0030426	0.881262467896036
520	HYOU1	ENSG00000149428	hsa-miR-649	MIMAT0003319	0.880985209395957
521	PUM2	ENSG00000055917	hsa-miR-649	MIMAT0003319	0.88083847524067
522	PCYT1A	ENSG00000161217	hsa-miR-217-3p	MIMAT0037308	0.880775344054497
523	SESTD1	ENSG00000187231	hsa-miR-217-3p	MIMAT0037308	0.880160634658848
524	STC1	ENSG00000159167	hsa-miR-7851-3p	MIMAT0030426	0.880010591279146
525	CSNK2B	ENSG00000204435	hsa-miR-7851-3p	MIMAT0030426	0.879945617283269
526	AC022335.1	ENSG00000257062	hsa-miR-3682-3p	MIMAT0018110	0.879905700507404
527	ENTPD1	ENSG00000138185	hsa-miR-3682-3p	MIMAT0018110	0.879813322471356
528	NDST1	ENSG00000070614	hsa-miR-7851-3p	MIMAT0030426	0.87979939086729
529	PLS3	ENSG00000102024	hsa-miR-3682-3p	MIMAT0018110	0.87958494973053
530	DPH5	ENSG00000117543	hsa-miR-3682-3p	MIMAT0018110	0.879106800086458
531	TCP10L2	ENSG00000166984	hsa-miR-7851-3p	MIMAT0030426	0.878941718481558
532	SYTL5	ENSG00000147041	hsa-miR-3682-3p	MIMAT0018110	0.878771369050496
533	PLCB4	ENSG00000101333	hsa-miR-3682-3p	MIMAT0018110	0.878665270085057
534	BACE1	ENSG00000186318	hsa-miR-7851-3p	MIMAT0030426	0.878650323855037
535	MARVELD2	ENSG00000152939	hsa-miR-7851-3p	MIMAT0030426	0.878531380537383
536	NHLRC2	ENSG00000196865	hsa-miR-217-3p	MIMAT0037308	0.878440361264203
537	CENPJ	ENSG00000151849	hsa-miR-649	MIMAT0003319	0.878284926765847
538	NAA25	ENSG00000111300	hsa-miR-217-3p	MIMAT0037308	0.878017530763389
539	GAS2L3	ENSG00000139354	hsa-miR-649	MIMAT0003319	0.877967569082541
540	PTCH1	ENSG00000185920	hsa-miR-7851-3p	MIMAT0030426	0.877720322781783
541	FAM20B	ENSG00000116199	hsa-miR-649	MIMAT0003319	0.877672005333742
542	CRCP	ENSG00000241258	hsa-miR-7851-3p	MIMAT0030426	0.877558633283334
543	SPIN3	ENSG00000204271	hsa-miR-217-3p	MIMAT0037308	0.877292337799694
544	TSGA10	ENSG00000135951	hsa-miR-217-3p	MIMAT0037308	0.877185720365981
545	RFFL	ENSG00000092871	hsa-miR-217-3p	MIMAT0037308	0.877079287849881
546	PLEKHH2	ENSG00000152527	hsa-miR-217-3p	MIMAT0037308	0.876932730547521
547	STK38L	ENSG00000211455	hsa-miR-3682-3p	MIMAT0018110	0.87635917041303
548	NONO	ENSG00000147140	hsa-miR-7851-3p	MIMAT0030426	0.876317540787408
549	GFRA2	ENSG00000168546	hsa-miR-7851-3p	MIMAT0030426	0.875880712105268
550	TRDMT1	ENSG00000107614	hsa-miR-217-3p	MIMAT0037308	0.875409047055891
551	SUPT7L	ENSG00000119760	hsa-miR-7851-3p	MIMAT0030426	0.875404906504563
552	SAR1B	ENSG00000152700	hsa-miR-7851-3p	MIMAT0030426	0.875283593697036
553	LCP2	ENSG00000043462	hsa-miR-217-3p	MIMAT0037308	0.875223963045352
554	MRPL42	ENSG00000198015	hsa-miR-217-3p	MIMAT0037308	0.874504697793691
555	PCDH11Y	ENSG00000099715	hsa-miR-3682-3p	MIMAT0018110	0.874018107846422
556	CD2BP2	ENSG00000169217	hsa-miR-7851-3p	MIMAT0030426	0.87360608765477
557	ZC3H12C	ENSG00000149289	hsa-miR-649	MIMAT0003319	0.873538424162475
558	OPRM1	ENSG00000112038	hsa-miR-217-3p	MIMAT0037308	0.873511082971356
559	NFIA	ENSG00000162599	hsa-miR-649	MIMAT0003319	0.873471567194218
560	SV2C	ENSG00000122012	hsa-miR-7851-3p	MIMAT0030426	0.87332185830409
561	NDEL1	ENSG00000166579	hsa-miR-3682-3p	MIMAT0018110	0.872700304281808
562	DMTF1	ENSG00000135164	hsa-miR-217-3p	MIMAT0037308	0.872661747329682
563	PPP2R2B	ENSG00000156475	hsa-miR-217-3p	MIMAT0037308	0.872376864621204
564	INTS14	ENSG00000138614	hsa-miR-217-3p	MIMAT0037308	0.87233241939365
565	OR9Q2	ENSG00000186513	hsa-miR-3682-3p	MIMAT0018110	0.872216927377012
566	MFAP5	ENSG00000197614	hsa-miR-217-3p	MIMAT0037308	0.872210437810067
567	SH3PXD2A	ENSG00000107957	hsa-miR-7851-3p	MIMAT0030426	0.87212399470804
568	RNF123	ENSG00000164068	hsa-miR-7851-3p	MIMAT0030426	0.872004188805833
569	GUCY1A2	ENSG00000152402	hsa-miR-649	MIMAT0003319	0.871775105336457
570	LZTS2	ENSG00000107816	hsa-miR-7851-3p	MIMAT0030426	0.87171004779895
571	CD302	ENSG00000241399	hsa-miR-649	MIMAT0003319	0.871645901537271
572	SGO1	ENSG00000129810	hsa-miR-3682-3p	MIMAT0018110	0.871468643800747
573	IL2RG	ENSG00000147168	hsa-miR-3682-3p	MIMAT0018110	0.871264518663841
574	PPP1R2B	ENSG00000231989	hsa-miR-3682-3p	MIMAT0018110	0.871154085289097
575	SCUBE2	ENSG00000175356	hsa-miR-3682-3p	MIMAT0018110	0.870966239430117
576	TMEM63A	ENSG00000196187	hsa-miR-3682-3p	MIMAT0018110	0.870463555139831
577	PRXL2B	ENSG00000157870	hsa-miR-7851-3p	MIMAT0030426	0.870393531686236
578	MSI2	ENSG00000153944	hsa-miR-217-3p	MIMAT0037308	0.870319602539865
579	NUTM2D	ENSG00000214562	hsa-miR-7851-3p	MIMAT0030426	0.870196299779021
580	RBPJ	ENSG00000168214	hsa-miR-649	MIMAT0003319	0.870083164457219
581	CCDC90B	ENSG00000137500	hsa-miR-7851-3p	MIMAT0030426	0.869948143348034
582	FPGT-TNNI3K	ENSG00000259030	hsa-miR-7851-3p	MIMAT0030426	0.869876629410989
583	ZNF432	ENSG00000256087	hsa-miR-217-3p	MIMAT0037308	0.869823945789853
584	STYX	ENSG00000198252	hsa-miR-649	MIMAT0003319	0.869616322110031
585	MOB1B	ENSG00000173542	hsa-miR-217-3p	MIMAT0037308	0.869601562622027
586	PCDH10	ENSG00000138650	hsa-miR-3682-3p	MIMAT0018110	0.869505973602819
587	FAM76B	ENSG00000077458	hsa-miR-217-3p	MIMAT0037308	0.869351203572764
588	CPN2	ENSG00000178772	hsa-miR-7851-3p	MIMAT0030426	0.869246524721437
589	PPP1R27	ENSG00000182676	hsa-miR-7851-3p	MIMAT0030426	0.869131219280159
590	PLEKHH1	ENSG00000054690	hsa-miR-217-3p	MIMAT0037308	0.869086762360594
591	SNTB2	ENSG00000168807	hsa-miR-649	MIMAT0003319	0.86894714921957
592	MMP24OS	ENSG00000126005	hsa-miR-7851-3p	MIMAT0030426	0.868927675387354
593	PTPRD	ENSG00000153707	hsa-miR-7851-3p	MIMAT0030426	0.868621393141877
594	SCN1A	ENSG00000144285	hsa-miR-217-3p	MIMAT0037308	0.86859046594233
595	USP37	ENSG00000135913	hsa-miR-3682-3p	MIMAT0018110	0.868586054982515
596	CDH2	ENSG00000170558	hsa-miR-217-3p	MIMAT0037308	0.86858153211947
597	C7orf57	ENSG00000164746	hsa-miR-217-3p	MIMAT0037308	0.868552436152679
598	MTHFD1	ENSG00000100714	hsa-miR-649	MIMAT0003319	0.868488646243797
599	CELA3B	ENSG00000219073	hsa-miR-3682-3p	MIMAT0018110	0.868444181608336
600	PTPN23	ENSG00000076201	hsa-miR-3682-3p	MIMAT0018110	0.868264407326042
601	ARHGAP19	ENSG00000213390	hsa-miR-7851-3p	MIMAT0030426	0.868101683029983
602	GRB10	ENSG00000106070	hsa-miR-217-3p	MIMAT0037308	0.867972599517964
603	FAM53B	ENSG00000189319	hsa-miR-7851-3p	MIMAT0030426	0.867811166237085
604	AC018755.2	ENSG00000268500	hsa-miR-217-3p	MIMAT0037308	0.867662421702772
605	LRRC46	ENSG00000141294	hsa-miR-7851-3p	MIMAT0030426	0.867460102795816
606	LONRF2	ENSG00000170500	hsa-miR-7851-3p	MIMAT0030426	0.86737367291689
607	GOLM2	ENSG00000166734	hsa-miR-3682-3p	MIMAT0018110	0.867346216752033
608	SLF2	ENSG00000119906	hsa-miR-3682-3p	MIMAT0018110	0.867264293814363
609	ZNF81	ENSG00000197779	hsa-miR-217-3p	MIMAT0037308	0.867148000495073
610	ACER3	ENSG00000078124	hsa-miR-649	MIMAT0003319	0.867125054784831
611	GRM4	ENSG00000124493	hsa-miR-7851-3p	MIMAT0030426	0.86708245553599
612	RSPH3	ENSG00000130363	hsa-miR-217-3p	MIMAT0037308	0.866819440713995
613	PPP2R5A	ENSG00000066027	hsa-miR-3682-3p	MIMAT0018110	0.866760101888122
614	TTC39B	ENSG00000155158	hsa-miR-649	MIMAT0003319	0.866652005073776
615	SHPRH	ENSG00000146414	hsa-miR-217-3p	MIMAT0037308	0.866554119973054
616	ST8SIA5	ENSG00000101638	hsa-miR-3682-3p	MIMAT0018110	0.866534140668153
617	SEMA6A	ENSG00000092421	hsa-miR-3682-3p	MIMAT0018110	0.866448100331099
618	ZNF229	ENSG00000278318	hsa-miR-649	MIMAT0003319	0.866434679260355
619	ZNF462	ENSG00000148143	hsa-miR-7851-3p	MIMAT0030426	0.866128526583687
620	PCDH11X	ENSG00000102290	hsa-miR-3682-3p	MIMAT0018110	0.865973298472481
621	LILRB4	ENSG00000186818	hsa-miR-217-3p	MIMAT0037308	0.865964709891477
622	CLRN1	ENSG00000163646	hsa-miR-7851-3p	MIMAT0030426	0.865897191903427
623	OR2M3	ENSG00000228198	hsa-miR-217-3p	MIMAT0037308	0.865824452995939
624	AP000812.4	ENSG00000284922	hsa-miR-3682-3p	MIMAT0018110	0.865633349410565
625	ARRB1	ENSG00000137486	hsa-miR-7851-3p	MIMAT0030426	0.865537530817989
626	CHPT1	ENSG00000111666	hsa-miR-649	MIMAT0003319	0.86550415409413
627	SERPINB4	ENSG00000206073	hsa-miR-3682-3p	MIMAT0018110	0.865446913059535
628	SF3B1	ENSG00000115524	hsa-miR-7851-3p	MIMAT0030426	0.865164400877478
629	MYOT	ENSG00000120729	hsa-miR-649	MIMAT0003319	0.864969242694009
630	PCDH19	ENSG00000165194	hsa-miR-217-3p	MIMAT0037308	0.864786921072707
631	TMED10	ENSG00000170348	hsa-miR-217-3p	MIMAT0037308	0.864732108018867
632	CNTN1	ENSG00000018236	hsa-miR-217-3p	MIMAT0037308	0.864536238148244
633	ST6GAL2	ENSG00000144057	hsa-miR-649	MIMAT0003319	0.864391369266037
634	NKAIN3	ENSG00000185942	hsa-miR-217-3p	MIMAT0037308	0.864070051755775
635	BTN3A3	ENSG00000111801	hsa-miR-3682-3p	MIMAT0018110	0.864017880805773
636	TBRG1	ENSG00000154144	hsa-miR-3682-3p	MIMAT0018110	0.863911788418753
637	CBLN4	ENSG00000054803	hsa-miR-3682-3p	MIMAT0018110	0.86383228590405
638	SHISA9	ENSG00000237515	hsa-miR-217-3p	MIMAT0037308	0.863829989948311
639	XIRP2	ENSG00000163092	hsa-miR-649	MIMAT0003319	0.863658825401707
640	GGA2	ENSG00000103365	hsa-miR-3682-3p	MIMAT0018110	0.863319889930996
641	DICER1	ENSG00000100697	hsa-miR-649	MIMAT0003319	0.862899373189606
642	FAIM2	ENSG00000135472	hsa-miR-7851-3p	MIMAT0030426	0.862786634588565
643	NUFIP2	ENSG00000108256	hsa-miR-649	MIMAT0003319	0.862498215172103
644	SP3	ENSG00000172845	hsa-miR-7851-3p	MIMAT0030426	0.862320459614088
645	CCDC192	ENSG00000230561	hsa-miR-7851-3p	MIMAT0030426	0.862297784735359
646	API5	ENSG00000166181	hsa-miR-3682-3p	MIMAT0018110	0.86225248384528
647	ZFP90	ENSG00000184939	hsa-miR-3682-3p	MIMAT0018110	0.862205889683447
648	TMEM154	ENSG00000170006	hsa-miR-3682-3p	MIMAT0018110	0.862078774502433
649	SF3B3	ENSG00000189091	hsa-miR-7851-3p	MIMAT0030426	0.861977330624856
650	CXCL14	ENSG00000145824	hsa-miR-649	MIMAT0003319	0.861698591735011
651	P3H2	ENSG00000090530	hsa-miR-649	MIMAT0003319	0.861654987966048
652	RBM3	ENSG00000102317	hsa-miR-7851-3p	MIMAT0030426	0.861481967962553
653	AP1M1	ENSG00000072958	hsa-miR-7851-3p	MIMAT0030426	0.861401614863457
654	SRSF10	ENSG00000188529	hsa-miR-7851-3p	MIMAT0030426	0.86137397555065
655	FBXO32	ENSG00000156804	hsa-miR-217-3p	MIMAT0037308	0.861342587211319
656	NAA20	ENSG00000173418	hsa-miR-649	MIMAT0003319	0.861260964134571
657	CETN1	ENSG00000177143	hsa-miR-3682-3p	MIMAT0018110	0.861199465881762
658	MAP9	ENSG00000164114	hsa-miR-217-3p	MIMAT0037308	0.861187339080665
659	ALDH1L2	ENSG00000136010	hsa-miR-649	MIMAT0003319	0.861178027494226
660	GFI1	ENSG00000162676	hsa-miR-217-3p	MIMAT0037308	0.861046261469009
661	TTC39B	ENSG00000155158	hsa-miR-3682-3p	MIMAT0018110	0.860981832079435
662	ASAH1	ENSG00000104763	hsa-miR-649	MIMAT0003319	0.860897758329109
663	FAM9C	ENSG00000187268	hsa-miR-649	MIMAT0003319	0.860287746824463
664	ZNF26	ENSG00000198393	hsa-miR-3682-3p	MIMAT0018110	0.860207538569062
665	MED13	ENSG00000108510	hsa-miR-649	MIMAT0003319	0.85982314787695
666	GALNT1	ENSG00000141429	hsa-miR-217-3p	MIMAT0037308	0.859762710168074
667	UGT2B28	ENSG00000135226	hsa-miR-7851-3p	MIMAT0030426	0.859618510346921
668	C6orf120	ENSG00000185127	hsa-miR-649	MIMAT0003319	0.859506810054633
669	THEMIS	ENSG00000172673	hsa-miR-3682-3p	MIMAT0018110	0.85950013234092
670	POLR2C	ENSG00000102978	hsa-miR-7851-3p	MIMAT0030426	0.859022478257619
671	TWSG1	ENSG00000128791	hsa-miR-3682-3p	MIMAT0018110	0.85899955455046
672	MFN1	ENSG00000171109	hsa-miR-217-3p	MIMAT0037308	0.858815907261739
673	ATL3	ENSG00000184743	hsa-miR-649	MIMAT0003319	0.858359585173623
674	ZNF546	ENSG00000187187	hsa-miR-649	MIMAT0003319	0.858283397000552
675	CNPY1	ENSG00000146910	hsa-miR-3682-3p	MIMAT0018110	0.857995547577651
676	UTP6	ENSG00000108651	hsa-miR-7851-3p	MIMAT0030426	0.857905942146968
677	SDR42E1	ENSG00000184860	hsa-miR-217-3p	MIMAT0037308	0.857826755047933
678	SERPINB3	ENSG00000057149	hsa-miR-3682-3p	MIMAT0018110	0.85777118238742
679	TRIB3	ENSG00000101255	hsa-miR-7851-3p	MIMAT0030426	0.857468406301368
680	ACSBG1	ENSG00000103740	hsa-miR-7851-3p	MIMAT0030426	0.857172734361095
681	HDAC2	ENSG00000196591	hsa-miR-217-3p	MIMAT0037308	0.857161899054083
682	ARHGEF37	ENSG00000183111	hsa-miR-217-3p	MIMAT0037308	0.856829942379344
683	IGF2BP2	ENSG00000073792	hsa-miR-649	MIMAT0003319	0.856799804272095
684	OR5H14	ENSG00000236032	hsa-miR-3682-3p	MIMAT0018110	0.856627514314177
685	FIG4	ENSG00000112367	hsa-miR-3682-3p	MIMAT0018110	0.856559874928267
686	ONECUT1	ENSG00000169856	hsa-miR-217-3p	MIMAT0037308	0.856388055034572
687	LAMC3	ENSG00000050555	hsa-miR-7851-3p	MIMAT0030426	0.856307756356981
688	RMND5A	ENSG00000153561	hsa-miR-649	MIMAT0003319	0.856223183112346
689	MORC3	ENSG00000159256	hsa-miR-649	MIMAT0003319	0.856148381800161
690	AL357556.3	ENSG00000285053	hsa-miR-7851-3p	MIMAT0030426	0.856106430455367
691	TERF1	ENSG00000147601	hsa-miR-3682-3p	MIMAT0018110	0.856036142940126
692	RIF1	ENSG00000080345	hsa-miR-217-3p	MIMAT0037308	0.855056139715333
693	AGFG1	ENSG00000173744	hsa-miR-7851-3p	MIMAT0030426	0.854503088585217
694	TFG	ENSG00000114354	hsa-miR-649	MIMAT0003319	0.854420113190472
695	UGT3A1	ENSG00000145626	hsa-miR-3682-3p	MIMAT0018110	0.854315910465343
696	PABPC5	ENSG00000174740	hsa-miR-3682-3p	MIMAT0018110	0.854174540604344
697	OSMR	ENSG00000145623	hsa-miR-3682-3p	MIMAT0018110	0.854087466830919
698	CALD1	ENSG00000122786	hsa-miR-217-3p	MIMAT0037308	0.853994072144753
699	DOCK7	ENSG00000116641	hsa-miR-3682-3p	MIMAT0018110	0.853137682867718
700	PTCHD1	ENSG00000165186	hsa-miR-217-3p	MIMAT0037308	0.852790409380341
701	ADAM9	ENSG00000168615	hsa-miR-3682-3p	MIMAT0018110	0.852354841066933
702	FAM114A1	ENSG00000197712	hsa-miR-3682-3p	MIMAT0018110	0.852351979198072
703	GABRA4	ENSG00000109158	hsa-miR-3682-3p	MIMAT0018110	0.851924979654617
704	POLE	ENSG00000177084	hsa-miR-3682-3p	MIMAT0018110	0.85183245291259
705	FGF2	ENSG00000138685	hsa-miR-3682-3p	MIMAT0018110	0.85148389471681
706	RTL10	ENSG00000215012	hsa-miR-7851-3p	MIMAT0030426	0.851409915306888
707	MTMR9	ENSG00000104643	hsa-miR-649	MIMAT0003319	0.851343720157043
708	SYAP1	ENSG00000169895	hsa-miR-3682-3p	MIMAT0018110	0.851198659468172
709	CNTN2	ENSG00000184144	hsa-miR-7851-3p	MIMAT0030426	0.851181451870015
710	WNK3	ENSG00000196632	hsa-miR-649	MIMAT0003319	0.851026845469424
711	NDUFS1	ENSG00000023228	hsa-miR-649	MIMAT0003319	0.850968084056405
712	ELP4	ENSG00000109911	hsa-miR-649	MIMAT0003319	0.850900736863172
713	NDUFA5	ENSG00000128609	hsa-miR-217-3p	MIMAT0037308	0.850633552922682
714	TNR	ENSG00000116147	hsa-miR-7851-3p	MIMAT0030426	0.85055579416809
715	ELP5	ENSG00000170291	hsa-miR-649	MIMAT0003319	0.85047690253535
716	PCDH7	ENSG00000169851	hsa-miR-3682-3p	MIMAT0018110	0.850212476892681
717	DENND1B	ENSG00000213047	hsa-miR-3682-3p	MIMAT0018110	0.850166432015961
718	C9orf50	ENSG00000179058	hsa-miR-7851-3p	MIMAT0030426	0.850072455661
719	CPSF2	ENSG00000165934	hsa-miR-217-3p	MIMAT0037308	0.849956536749949
720	DGKH	ENSG00000102780	hsa-miR-3682-3p	MIMAT0018110	0.849952228134876
721	GXYLT1	ENSG00000151233	hsa-miR-217-3p	MIMAT0037308	0.849869045512778
722	DSEL	ENSG00000171451	hsa-miR-7851-3p	MIMAT0030426	0.849811180445814
723	MMD	ENSG00000108960	hsa-miR-217-3p	MIMAT0037308	0.849734775797769
724	HIP1	ENSG00000127946	hsa-miR-7851-3p	MIMAT0030426	0.849626202304243
725	ZNF207	ENSG00000010244	hsa-miR-649	MIMAT0003319	0.849411133842251
726	CCDC201	ENSG00000283247	hsa-miR-217-3p	MIMAT0037308	0.849383612348789
727	SF3B1	ENSG00000115524	hsa-miR-649	MIMAT0003319	0.848823952621762
728	RITA1	ENSG00000139405	hsa-miR-7851-3p	MIMAT0030426	0.848684576579663
729	MYO18B	ENSG00000133454	hsa-miR-217-3p	MIMAT0037308	0.848595094880247
730	CACNA1C	ENSG00000151067	hsa-miR-3682-3p	MIMAT0018110	0.848440042778008
731	DOCK7	ENSG00000116641	hsa-miR-217-3p	MIMAT0037308	0.848378525617318
732	CLSTN2	ENSG00000158258	hsa-miR-217-3p	MIMAT0037308	0.848198127454466
733	SENP6	ENSG00000112701	hsa-miR-3682-3p	MIMAT0018110	0.848188965821442
734	PHF20	ENSG00000025293	hsa-miR-649	MIMAT0003319	0.848184033038156
735	NR2C2	ENSG00000177463	hsa-miR-7851-3p	MIMAT0030426	0.848025003814276
736	ZNF292	ENSG00000188994	hsa-miR-7851-3p	MIMAT0030426	0.848008318899821
737	CREBL2	ENSG00000111269	hsa-miR-649	MIMAT0003319	0.847948286841818
738	PARP14	ENSG00000173193	hsa-miR-7851-3p	MIMAT0030426	0.84792508328297
739	MGAT4C	ENSG00000182050	hsa-miR-649	MIMAT0003319	0.84791135593986
740	TCF4	ENSG00000196628	hsa-miR-7851-3p	MIMAT0030426	0.847775840630803
741	P2RY2	ENSG00000175591	hsa-miR-649	MIMAT0003319	0.847684375956858
742	TTC17	ENSG00000052841	hsa-miR-649	MIMAT0003319	0.847513979366613
743	FRYL	ENSG00000075539	hsa-miR-3682-3p	MIMAT0018110	0.84749235971058
744	ZBTB8B	ENSG00000273274	hsa-miR-217-3p	MIMAT0037308	0.847458974114385
745	ALDH8A1	ENSG00000118514	hsa-miR-7851-3p	MIMAT0030426	0.847447529435254
746	COL4A5	ENSG00000188153	hsa-miR-7851-3p	MIMAT0030426	0.847445554248131
747	FAM193B	ENSG00000146067	hsa-miR-7851-3p	MIMAT0030426	0.847195396733576
748	TRERF1	ENSG00000124496	hsa-miR-649	MIMAT0003319	0.847190145269212
749	IL17C	ENSG00000124391	hsa-miR-217-3p	MIMAT0037308	0.846602942492839
750	TMEM65	ENSG00000164983	hsa-miR-649	MIMAT0003319	0.846497487651914
751	RBM25	ENSG00000119707	hsa-miR-649	MIMAT0003319	0.846388749653159
752	POLG2	ENSG00000256525	hsa-miR-649	MIMAT0003319	0.846200263637409
753	SMARCA2	ENSG00000080503	hsa-miR-7851-3p	MIMAT0030426	0.84603840604363
754	SCN2A	ENSG00000136531	hsa-miR-649	MIMAT0003319	0.845918702662594
755	PCBP2	ENSG00000197111	hsa-miR-3682-3p	MIMAT0018110	0.845718578197598
756	AP5M1	ENSG00000053770	hsa-miR-649	MIMAT0003319	0.845710372223966
757	PGR	ENSG00000082175	hsa-miR-649	MIMAT0003319	0.845685319864857
758	ONECUT2	ENSG00000119547	hsa-miR-3682-3p	MIMAT0018110	0.84545907922013
759	NCKAP1	ENSG00000061676	hsa-miR-7851-3p	MIMAT0030426	0.845448743088302
760	OR7G2	ENSG00000170923	hsa-miR-3682-3p	MIMAT0018110	0.84542649234892
761	PSME2	ENSG00000100911	hsa-miR-3682-3p	MIMAT0018110	0.84539121726255
762	EVI2A	ENSG00000126860	hsa-miR-3682-3p	MIMAT0018110	0.845299914189367
763	CHRNA5	ENSG00000169684	hsa-miR-217-3p	MIMAT0037308	0.845297582937572
764	PPP1R2	ENSG00000184203	hsa-miR-3682-3p	MIMAT0018110	0.845296698107357
765	TDRD6	ENSG00000180113	hsa-miR-649	MIMAT0003319	0.845278702240573
766	WWC3	ENSG00000047644	hsa-miR-649	MIMAT0003319	0.845206413695742
767	NUDCD3	ENSG00000015676	hsa-miR-7851-3p	MIMAT0030426	0.845127311988881
768	TMEM263	ENSG00000151135	hsa-miR-217-3p	MIMAT0037308	0.844996393899607
769	SLC8A1	ENSG00000183023	hsa-miR-217-3p	MIMAT0037308	0.844859481406634
770	ITGA1	ENSG00000213949	hsa-miR-649	MIMAT0003319	0.844777109071681
771	ZSCAN26	ENSG00000197062	hsa-miR-217-3p	MIMAT0037308	0.844763884075463
772	CNOT4	ENSG00000080802	hsa-miR-7851-3p	MIMAT0030426	0.84475770884353
773	GADD45A	ENSG00000116717	hsa-miR-217-3p	MIMAT0037308	0.844579857643609
774	HTR6	ENSG00000158748	hsa-miR-7851-3p	MIMAT0030426	0.84453114928031
775	PTCHD4	ENSG00000244694	hsa-miR-217-3p	MIMAT0037308	0.844422019604961
776	DAAM2	ENSG00000146122	hsa-miR-7851-3p	MIMAT0030426	0.844380471991926
777	EPB41L4B	ENSG00000095203	hsa-miR-217-3p	MIMAT0037308	0.844350708620931
778	IDE	ENSG00000119912	hsa-miR-3682-3p	MIMAT0018110	0.844319457105893
779	ARL4A	ENSG00000122644	hsa-miR-649	MIMAT0003319	0.844301632092626
780	PPM1M	ENSG00000164088	hsa-miR-649	MIMAT0003319	0.844259910495485
781	COX7C	ENSG00000127184	hsa-miR-7851-3p	MIMAT0030426	0.844129127701906
782	RAB3B	ENSG00000169213	hsa-miR-7851-3p	MIMAT0030426	0.843999061356718
783	RPS6KA5	ENSG00000100784	hsa-miR-7851-3p	MIMAT0030426	0.843937106778417
784	CDK12	ENSG00000167258	hsa-miR-649	MIMAT0003319	0.843928413872667
785	NDN	ENSG00000182636	hsa-miR-217-3p	MIMAT0037308	0.843908825446149
786	RNF7	ENSG00000114125	hsa-miR-649	MIMAT0003319	0.84386263875062
787	ATAD2	ENSG00000156802	hsa-miR-217-3p	MIMAT0037308	0.843838366183771
788	AC001226.2	ENSG00000283208	hsa-miR-649	MIMAT0003319	0.843810875129554
789	PABPC5	ENSG00000174740	hsa-miR-649	MIMAT0003319	0.843805984803958
790	SIGLEC6	ENSG00000105492	hsa-miR-7851-3p	MIMAT0030426	0.843722382358259
791	ZNF274	ENSG00000171606	hsa-miR-7851-3p	MIMAT0030426	0.843682144529007
792	RASAL2	ENSG00000075391	hsa-miR-649	MIMAT0003319	0.843212976243475
793	KATNBL1	ENSG00000134152	hsa-miR-3682-3p	MIMAT0018110	0.843127691878506
794	TP53BP1	ENSG00000067369	hsa-miR-649	MIMAT0003319	0.842841670567855
795	EXOC6B	ENSG00000144036	hsa-miR-3682-3p	MIMAT0018110	0.842781577573759
796	ITGB6	ENSG00000115221	hsa-miR-3682-3p	MIMAT0018110	0.842603810389237
797	SHC3	ENSG00000148082	hsa-miR-7851-3p	MIMAT0030426	0.84249112981308
798	SEPSECS	ENSG00000109618	hsa-miR-649	MIMAT0003319	0.842135840250589
799	CCSAP	ENSG00000154429	hsa-miR-649	MIMAT0003319	0.842085099020735
800	SGMS2	ENSG00000164023	hsa-miR-217-3p	MIMAT0037308	0.842057478035717
801	RB1	ENSG00000139687	hsa-miR-7851-3p	MIMAT0030426	0.842055479144857
802	AREL1	ENSG00000119682	hsa-miR-7851-3p	MIMAT0030426	0.842025513997453
803	OR4K2	ENSG00000165762	hsa-miR-3682-3p	MIMAT0018110	0.841950040393057
804	PPARA	ENSG00000186951	hsa-miR-217-3p	MIMAT0037308	0.841539200667907
805	SLC2A1	ENSG00000117394	hsa-miR-649	MIMAT0003319	0.841256092310376
806	PLD6	ENSG00000179598	hsa-miR-7851-3p	MIMAT0030426	0.841221905862608
807	APPBP2	ENSG00000062725	hsa-miR-7851-3p	MIMAT0030426	0.841148506297557
808	DMD	ENSG00000198947	hsa-miR-649	MIMAT0003319	0.841078256108952
809	NUP98	ENSG00000110713	hsa-miR-7851-3p	MIMAT0030426	0.841016286912661
810	WBP1L	ENSG00000166272	hsa-miR-7851-3p	MIMAT0030426	0.841011373643016
811	CELF2	ENSG00000048740	hsa-miR-217-3p	MIMAT0037308	0.840993756159554
812	GSG1L	ENSG00000169181	hsa-miR-3682-3p	MIMAT0018110	0.840722381458871
813	EIF2AK3	ENSG00000172071	hsa-miR-217-3p	MIMAT0037308	0.840624597781886
814	PARVA	ENSG00000197702	hsa-miR-3682-3p	MIMAT0018110	0.840614633057152
815	AC005041.1	ENSG00000159239	hsa-miR-7851-3p	MIMAT0030426	0.840525081546671
816	SPOPL	ENSG00000144228	hsa-miR-217-3p	MIMAT0037308	0.840416198368143
817	FO393400.1	ENSG00000285382	hsa-miR-7851-3p	MIMAT0030426	0.840397533684598
818	GEN1	ENSG00000178295	hsa-miR-217-3p	MIMAT0037308	0.840360354390039
819	FUNDC2	ENSG00000165775	hsa-miR-217-3p	MIMAT0037308	0.84027679158689
820	CAMTA1	ENSG00000171735	hsa-miR-7851-3p	MIMAT0030426	0.840173445507315
821	COQ7	ENSG00000167186	hsa-miR-7851-3p	MIMAT0030426	0.839942409698074
822	FCGR2B	ENSG00000072694	hsa-miR-649	MIMAT0003319	0.839873421431901
823	PROSER2	ENSG00000148426	hsa-miR-3682-3p	MIMAT0018110	0.839860399681588
824	ZIC3	ENSG00000156925	hsa-miR-217-3p	MIMAT0037308	0.839623918664946
825	KCNK2	ENSG00000082482	hsa-miR-217-3p	MIMAT0037308	0.839329656330003
826	DDI2	ENSG00000197312	hsa-miR-3682-3p	MIMAT0018110	0.839262496247214
827	ETF1	ENSG00000120705	hsa-miR-7851-3p	MIMAT0030426	0.839159899007557
828	PHLDA1	ENSG00000139289	hsa-miR-3682-3p	MIMAT0018110	0.83899758688042
829	FAM171B	ENSG00000144369	hsa-miR-217-3p	MIMAT0037308	0.83898940628801
830	NOX5	ENSG00000255346	hsa-miR-3682-3p	MIMAT0018110	0.838687355080978
831	FBXL20	ENSG00000108306	hsa-miR-7851-3p	MIMAT0030426	0.838580569207454
832	GAGE1	ENSG00000205777	hsa-miR-217-3p	MIMAT0037308	0.838331309076514
833	EPHA7	ENSG00000135333	hsa-miR-217-3p	MIMAT0037308	0.838309436449875
834	ZNF445	ENSG00000185219	hsa-miR-7851-3p	MIMAT0030426	0.838254041703327
835	KCTD16	ENSG00000183775	hsa-miR-217-3p	MIMAT0037308	0.838187530890938
836	SEMA3A	ENSG00000075213	hsa-miR-649	MIMAT0003319	0.838162739913494
837	TINF2	ENSG00000092330	hsa-miR-7851-3p	MIMAT0030426	0.838133833703161
838	ZC3H6	ENSG00000188177	hsa-miR-649	MIMAT0003319	0.837936115571873
839	CERS3	ENSG00000154227	hsa-miR-7851-3p	MIMAT0030426	0.837794979475669
840	IKZF2	ENSG00000030419	hsa-miR-649	MIMAT0003319	0.837692221480701
841	FLRT2	ENSG00000185070	hsa-miR-3682-3p	MIMAT0018110	0.837664377479813
842	SH3RF1	ENSG00000154447	hsa-miR-649	MIMAT0003319	0.837540984194773
843	FAM47A	ENSG00000185448	hsa-miR-3682-3p	MIMAT0018110	0.837540000656503
844	NRIP1	ENSG00000180530	hsa-miR-649	MIMAT0003319	0.837441148499654
845	SMAD2	ENSG00000175387	hsa-miR-649	MIMAT0003319	0.837376604737981
846	ZNF496	ENSG00000162714	hsa-miR-7851-3p	MIMAT0030426	0.83725259094283
847	FIG4	ENSG00000112367	hsa-miR-649	MIMAT0003319	0.83716098560884
848	SEC63	ENSG00000025796	hsa-miR-217-3p	MIMAT0037308	0.836812141281911
849	PNPLA4	ENSG00000006757	hsa-miR-7851-3p	MIMAT0030426	0.836637569809609
850	NLN	ENSG00000123213	hsa-miR-7851-3p	MIMAT0030426	0.836536816758096
851	PLEKHA3	ENSG00000116095	hsa-miR-649	MIMAT0003319	0.836533792140182
852	OS9	ENSG00000135506	hsa-miR-649	MIMAT0003319	0.836452561701794
853	IGF2BP1	ENSG00000159217	hsa-miR-649	MIMAT0003319	0.836308930884537
854	MID1	ENSG00000101871	hsa-miR-3682-3p	MIMAT0018110	0.836308730325763
855	CD47	ENSG00000196776	hsa-miR-7851-3p	MIMAT0030426	0.836274693720628
856	OPRM1	ENSG00000112038	hsa-miR-3682-3p	MIMAT0018110	0.836213532551646
857	PHC3	ENSG00000173889	hsa-miR-649	MIMAT0003319	0.836164132938692
858	KLF3	ENSG00000109787	hsa-miR-3682-3p	MIMAT0018110	0.836022229960669
859	AKAP8	ENSG00000105127	hsa-miR-7851-3p	MIMAT0030426	0.836001542686147
860	ZNF654	ENSG00000175105	hsa-miR-3682-3p	MIMAT0018110	0.835798744746145
861	OR7A17	ENSG00000185385	hsa-miR-3682-3p	MIMAT0018110	0.835783074944129
862	MTF1	ENSG00000188786	hsa-miR-649	MIMAT0003319	0.83554219127407
863	GRIN2B	ENSG00000273079	hsa-miR-217-3p	MIMAT0037308	0.835515077099956
864	VWC2	ENSG00000188730	hsa-miR-217-3p	MIMAT0037308	0.835502609441767
865	HHLA2	ENSG00000114455	hsa-miR-217-3p	MIMAT0037308	0.835380895417762
866	EI24	ENSG00000149547	hsa-miR-649	MIMAT0003319	0.835362221453768
867	LRRC7	ENSG00000033122	hsa-miR-7851-3p	MIMAT0030426	0.835252588387133
868	RALGAPA2	ENSG00000188559	hsa-miR-3682-3p	MIMAT0018110	0.835179969086096
869	KCTD16	ENSG00000183775	hsa-miR-649	MIMAT0003319	0.835165074176164
870	C8orf37	ENSG00000156172	hsa-miR-3682-3p	MIMAT0018110	0.835038877659465
871	GGA3	ENSG00000125447	hsa-miR-7851-3p	MIMAT0030426	0.835018886811859
872	GALNT7	ENSG00000109586	hsa-miR-649	MIMAT0003319	0.834979414306939
873	AC091167.7	ENSG00000284626	hsa-miR-3682-3p	MIMAT0018110	0.834907778450751
874	SLC35B3	ENSG00000124786	hsa-miR-217-3p	MIMAT0037308	0.83488073314809
875	SPRY2	ENSG00000136158	hsa-miR-217-3p	MIMAT0037308	0.83484218865315
876	TSPAN33	ENSG00000158457	hsa-miR-7851-3p	MIMAT0030426	0.834704219049921
877	TRIM24	ENSG00000122779	hsa-miR-649	MIMAT0003319	0.834563597426904
878	PTPRO	ENSG00000151490	hsa-miR-7851-3p	MIMAT0030426	0.834232634527415
879	SMIM13	ENSG00000224531	hsa-miR-649	MIMAT0003319	0.834076035165955
880	FGD6	ENSG00000180263	hsa-miR-3682-3p	MIMAT0018110	0.833887770380722
881	RAD21	ENSG00000164754	hsa-miR-217-3p	MIMAT0037308	0.833368789640409
882	DYTN	ENSG00000232125	hsa-miR-649	MIMAT0003319	0.833257483032984
883	PPIP5K2	ENSG00000145725	hsa-miR-7851-3p	MIMAT0030426	0.833149511799027
884	PCSK7	ENSG00000160613	hsa-miR-217-3p	MIMAT0037308	0.832980499648617
885	FAM86B1	ENSG00000186523	hsa-miR-7851-3p	MIMAT0030426	0.832846187567517
886	PPP1R36	ENSG00000165807	hsa-miR-3682-3p	MIMAT0018110	0.832828477165344
887	MAST4	ENSG00000069020	hsa-miR-3682-3p	MIMAT0018110	0.832503259660558
888	CUX1	ENSG00000257923	hsa-miR-649	MIMAT0003319	0.832154208678335
889	DENND1B	ENSG00000213047	hsa-miR-217-3p	MIMAT0037308	0.832153053209748
890	NUFIP1	ENSG00000083635	hsa-miR-649	MIMAT0003319	0.832060124183525
891	SLFN14	ENSG00000236320	hsa-miR-217-3p	MIMAT0037308	0.831872059390602
892	MRPL22	ENSG00000082515	hsa-miR-7851-3p	MIMAT0030426	0.831728350466617
893	NUDT16	ENSG00000198585	hsa-miR-7851-3p	MIMAT0030426	0.831699995663517
894	SLC1A2	ENSG00000110436	hsa-miR-217-3p	MIMAT0037308	0.831262089231952
895	DNAJC10	ENSG00000077232	hsa-miR-7851-3p	MIMAT0030426	0.83110327892091
896	TAOK1	ENSG00000160551	hsa-miR-7851-3p	MIMAT0030426	0.830964262018381
897	HBS1L	ENSG00000112339	hsa-miR-3682-3p	MIMAT0018110	0.830921710425455
898	NAV2	ENSG00000166833	hsa-miR-649	MIMAT0003319	0.830863410857587
899	TCEAL8	ENSG00000180964	hsa-miR-649	MIMAT0003319	0.830844809268264
900	DYRK3	ENSG00000143479	hsa-miR-217-3p	MIMAT0037308	0.830806292865848
901	DCTN4	ENSG00000132912	hsa-miR-649	MIMAT0003319	0.830787605792603
902	CLMN	ENSG00000165959	hsa-miR-649	MIMAT0003319	0.830780625601158
903	ITGA9	ENSG00000144668	hsa-miR-217-3p	MIMAT0037308	0.830747490250496
904	CHD3	ENSG00000170004	hsa-miR-7851-3p	MIMAT0030426	0.830255960989968
905	ITPRIPL2	ENSG00000205730	hsa-miR-649	MIMAT0003319	0.830174891537836
906	ERBB4	ENSG00000178568	hsa-miR-217-3p	MIMAT0037308	0.829941923170629
907	ZC3HAV1	ENSG00000105939	hsa-miR-217-3p	MIMAT0037308	0.829791101476811
908	DTWD1	ENSG00000104047	hsa-miR-217-3p	MIMAT0037308	0.829786042479166
909	GPR148	ENSG00000173302	hsa-miR-217-3p	MIMAT0037308	0.829670443573181
910	HOMER1	ENSG00000152413	hsa-miR-649	MIMAT0003319	0.829551437733585
911	LRPAP1	ENSG00000163956	hsa-miR-7851-3p	MIMAT0030426	0.829502472938114
912	DGKI	ENSG00000157680	hsa-miR-7851-3p	MIMAT0030426	0.829444246075831
913	TMEM33	ENSG00000109133	hsa-miR-649	MIMAT0003319	0.829435375420008
914	SLCO1C1	ENSG00000139155	hsa-miR-217-3p	MIMAT0037308	0.829304177347206
915	FGF12	ENSG00000114279	hsa-miR-3682-3p	MIMAT0018110	0.829248376401871
916	C6orf89	ENSG00000198663	hsa-miR-649	MIMAT0003319	0.82918293234369
917	PCDHA12	ENSG00000251664	hsa-miR-649	MIMAT0003319	0.82918209045931
918	MYEF2	ENSG00000104177	hsa-miR-217-3p	MIMAT0037308	0.829120865868849
919	FBXO48	ENSG00000204923	hsa-miR-3682-3p	MIMAT0018110	0.828975886566657
920	FAM214A	ENSG00000047346	hsa-miR-3682-3p	MIMAT0018110	0.828975596565673
921	FAM229B	ENSG00000203778	hsa-miR-3682-3p	MIMAT0018110	0.828903376642773
922	BRAP	ENSG00000089234	hsa-miR-649	MIMAT0003319	0.828831334094742
923	HERC4	ENSG00000148634	hsa-miR-217-3p	MIMAT0037308	0.828772179040954
924	ZNF395	ENSG00000186918	hsa-miR-7851-3p	MIMAT0030426	0.82876195445414
925	ARRDC4	ENSG00000140450	hsa-miR-3682-3p	MIMAT0018110	0.828754780772045
926	C2orf73	ENSG00000177994	hsa-miR-3682-3p	MIMAT0018110	0.828562830034589
927	AMER2	ENSG00000165566	hsa-miR-7851-3p	MIMAT0030426	0.82851150082214
928	PRKG2	ENSG00000138669	hsa-miR-649	MIMAT0003319	0.828481043044556
929	LSM8	ENSG00000128534	hsa-miR-217-3p	MIMAT0037308	0.828196246673893
930	SLC7A9	ENSG00000021488	hsa-miR-3682-3p	MIMAT0018110	0.828188197082121
931	KDM7A	ENSG00000006459	hsa-miR-649	MIMAT0003319	0.828136184673656
932	GPATCH2L	ENSG00000089916	hsa-miR-217-3p	MIMAT0037308	0.828000594118898
933	FRS2	ENSG00000166225	hsa-miR-217-3p	MIMAT0037308	0.827957428819231
934	RNF212	ENSG00000178222	hsa-miR-217-3p	MIMAT0037308	0.827850464484361
935	PLAGL2	ENSG00000126003	hsa-miR-649	MIMAT0003319	0.827459565177035
936	SS18	ENSG00000141380	hsa-miR-649	MIMAT0003319	0.827441902777452
937	MTMR7	ENSG00000003987	hsa-miR-217-3p	MIMAT0037308	0.827329186017542
938	NRG1	ENSG00000157168	hsa-miR-7851-3p	MIMAT0030426	0.827275656979547
939	SPRYD4	ENSG00000176422	hsa-miR-649	MIMAT0003319	0.827068663969318
940	ATP11A	ENSG00000068650	hsa-miR-217-3p	MIMAT0037308	0.82706334377514
941	SPTBN2	ENSG00000173898	hsa-miR-7851-3p	MIMAT0030426	0.826983244184527
942	PURB	ENSG00000146676	hsa-miR-649	MIMAT0003319	0.826883522634433
943	RPIA	ENSG00000153574	hsa-miR-649	MIMAT0003319	0.826817271703548
944	MRPL50	ENSG00000136897	hsa-miR-3682-3p	MIMAT0018110	0.826637894627251
945	INTU	ENSG00000164066	hsa-miR-217-3p	MIMAT0037308	0.826520165433842
946	FAM126B	ENSG00000155744	hsa-miR-649	MIMAT0003319	0.826507407337436
947	CUZD1	ENSG00000138161	hsa-miR-3682-3p	MIMAT0018110	0.826303747433272
948	CCNI	ENSG00000118816	hsa-miR-217-3p	MIMAT0037308	0.825946067024
949	CD38	ENSG00000004468	hsa-miR-3682-3p	MIMAT0018110	0.825942852212001
950	TCEANC2	ENSG00000116205	hsa-miR-7851-3p	MIMAT0030426	0.825916835274671
951	CACNG7	ENSG00000105605	hsa-miR-3682-3p	MIMAT0018110	0.825831469703766
952	ITGA9	ENSG00000144668	hsa-miR-649	MIMAT0003319	0.825765235197907
953	FAM107A	ENSG00000168309	hsa-miR-7851-3p	MIMAT0030426	0.825570878667792
954	FER	ENSG00000151422	hsa-miR-3682-3p	MIMAT0018110	0.825567286595536
955	CARS1	ENSG00000110619	hsa-miR-3682-3p	MIMAT0018110	0.8255524578879
956	ERLIN2	ENSG00000147475	hsa-miR-7851-3p	MIMAT0030426	0.825501114456551
957	SH3GLB1	ENSG00000097033	hsa-miR-649	MIMAT0003319	0.825446525311366
958	KLHL9	ENSG00000198642	hsa-miR-217-3p	MIMAT0037308	0.825412326920675
959	C12orf45	ENSG00000151131	hsa-miR-217-3p	MIMAT0037308	0.825316618029379
960	ZBTB24	ENSG00000112365	hsa-miR-217-3p	MIMAT0037308	0.825217707333515
961	FSTL1	ENSG00000163430	hsa-miR-3682-3p	MIMAT0018110	0.825194492160942
962	SOGA1	ENSG00000149639	hsa-miR-7851-3p	MIMAT0030426	0.825108796296262
963	TTC22	ENSG00000006555	hsa-miR-217-3p	MIMAT0037308	0.825069731627511
964	SF3B1	ENSG00000115524	hsa-miR-217-3p	MIMAT0037308	0.825010757105146
965	ASB3	ENSG00000115239	hsa-miR-3682-3p	MIMAT0018110	0.824992697213816
966	NKAIN3	ENSG00000185942	hsa-miR-7851-3p	MIMAT0030426	0.824893652266805
967	MAP4K4	ENSG00000071054	hsa-miR-649	MIMAT0003319	0.824832917051721
968	MAP3K2	ENSG00000169967	hsa-miR-217-3p	MIMAT0037308	0.824546185256333
969	U2SURP	ENSG00000163714	hsa-miR-3682-3p	MIMAT0018110	0.824404918284696
970	NRG4	ENSG00000169752	hsa-miR-217-3p	MIMAT0037308	0.824393284174999
971	RALGAPB	ENSG00000170471	hsa-miR-649	MIMAT0003319	0.824338488121353
972	SPART	ENSG00000133104	hsa-miR-7851-3p	MIMAT0030426	0.823992076160417
973	NFYB	ENSG00000120837	hsa-miR-217-3p	MIMAT0037308	0.823930631171635
974	RPRD1A	ENSG00000141425	hsa-miR-217-3p	MIMAT0037308	0.823853252008774
975	ZNF180	ENSG00000167384	hsa-miR-217-3p	MIMAT0037308	0.823739119784234
976	UBA5	ENSG00000081307	hsa-miR-217-3p	MIMAT0037308	0.823470080822137
977	CYP4F3	ENSG00000186529	hsa-miR-3682-3p	MIMAT0018110	0.823443844365883
978	RFX7	ENSG00000181827	hsa-miR-649	MIMAT0003319	0.823414719573705
979	BEND6	ENSG00000151917	hsa-miR-217-3p	MIMAT0037308	0.823251724481107
980	CADM2	ENSG00000175161	hsa-miR-3682-3p	MIMAT0018110	0.823186877540454
981	RIC1	ENSG00000107036	hsa-miR-649	MIMAT0003319	0.823121529810115
982	APC	ENSG00000134982	hsa-miR-217-3p	MIMAT0037308	0.822971383101331
983	CAMK4	ENSG00000152495	hsa-miR-217-3p	MIMAT0037308	0.822920666085521
984	CDK14	ENSG00000058091	hsa-miR-217-3p	MIMAT0037308	0.82279265291774
985	PAPPA	ENSG00000182752	hsa-miR-649	MIMAT0003319	0.822156874368594
986	RIC8B	ENSG00000111785	hsa-miR-217-3p	MIMAT0037308	0.822124731587228
987	AC012651.1	ENSG00000258461	hsa-miR-3682-3p	MIMAT0018110	0.822118861599639
988	C1orf52	ENSG00000162642	hsa-miR-3682-3p	MIMAT0018110	0.822057169813289
989	PFKL	ENSG00000141959	hsa-miR-3682-3p	MIMAT0018110	0.822052742307381
990	HHEX	ENSG00000152804	hsa-miR-649	MIMAT0003319	0.822051319450988
991	AC118553.2	ENSG00000283761	hsa-miR-217-3p	MIMAT0037308	0.821915924251522
992	KCTD10	ENSG00000110906	hsa-miR-649	MIMAT0003319	0.821834880732296
993	SPTLC1	ENSG00000090054	hsa-miR-217-3p	MIMAT0037308	0.82180457686915
994	CALB1	ENSG00000104327	hsa-miR-3682-3p	MIMAT0018110	0.821791412614943
995	KCNK17	ENSG00000124780	hsa-miR-3682-3p	MIMAT0018110	0.821770068030787
996	FAM156B	ENSG00000179304	hsa-miR-3682-3p	MIMAT0018110	0.821640931742062
997	TBPL1	ENSG00000028839	hsa-miR-3682-3p	MIMAT0018110	0.821597342071501
998	ZNF490	ENSG00000188033	hsa-miR-7851-3p	MIMAT0030426	0.821547958196196
999	PRTG	ENSG00000166450	hsa-miR-217-3p	MIMAT0037308	0.821535875089703
1000	GABRB3	ENSG00000166206	hsa-miR-3682-3p	MIMAT0018110	0.821451138853944
1001	CPLANE1	ENSG00000197603	hsa-miR-649	MIMAT0003319	0.821379464328776
1002	USP25	ENSG00000155313	hsa-miR-217-3p	MIMAT0037308	0.82121389482313
1003	ZNF500	ENSG00000103199	hsa-miR-3682-3p	MIMAT0018110	0.821149988505406
1004	MOSMO	ENSG00000185716	hsa-miR-217-3p	MIMAT0037308	0.821107529565213
1005	METTL15	ENSG00000169519	hsa-miR-3682-3p	MIMAT0018110	0.820954294651267
1006	AMPH	ENSG00000078053	hsa-miR-649	MIMAT0003319	0.820811603726431
1007	SIRPB1	ENSG00000101307	hsa-miR-7851-3p	MIMAT0030426	0.820665299136102
1008	SNAPC3	ENSG00000164975	hsa-miR-7851-3p	MIMAT0030426	0.820431703071268
1009	LSAMP	ENSG00000185565	hsa-miR-217-3p	MIMAT0037308	0.820395685316205
1010	ZDHHC23	ENSG00000184307	hsa-miR-649	MIMAT0003319	0.820341232922727
1011	FGF2	ENSG00000138685	hsa-miR-217-3p	MIMAT0037308	0.820025969275798
1012	PDS5B	ENSG00000083642	hsa-miR-3682-3p	MIMAT0018110	0.819967801487505
1013	ZNF432	ENSG00000256087	hsa-miR-3682-3p	MIMAT0018110	0.819899305941088
1014	KIAA0232	ENSG00000170871	hsa-miR-217-3p	MIMAT0037308	0.819544030814258
1015	SHLD3	ENSG00000253251	hsa-miR-649	MIMAT0003319	0.819493936128046
1016	PXDN	ENSG00000130508	hsa-miR-649	MIMAT0003319	0.8194836295341
1017	IDH1	ENSG00000138413	hsa-miR-649	MIMAT0003319	0.819410615699468
1018	GLIPR1L1	ENSG00000173401	hsa-miR-3682-3p	MIMAT0018110	0.819356302700015
1019	AGPS	ENSG00000018510	hsa-miR-649	MIMAT0003319	0.819183332658716
1020	LRRK1	ENSG00000154237	hsa-miR-7851-3p	MIMAT0030426	0.819102877172316
1021	SENP1	ENSG00000079387	hsa-miR-3682-3p	MIMAT0018110	0.818767998580188
1022	ASB9	ENSG00000102048	hsa-miR-649	MIMAT0003319	0.818417546626519
1023	VIL1	ENSG00000127831	hsa-miR-649	MIMAT0003319	0.818302898638255
1024	POU4F1	ENSG00000152192	hsa-miR-3682-3p	MIMAT0018110	0.818147582004141
1025	IQCM	ENSG00000234828	hsa-miR-3682-3p	MIMAT0018110	0.817990621005864
1026	SLC24A2	ENSG00000155886	hsa-miR-3682-3p	MIMAT0018110	0.817901050913587
1027	SESTD1	ENSG00000187231	hsa-miR-3682-3p	MIMAT0018110	0.817825239615017
1028	WDR88	ENSG00000166359	hsa-miR-3682-3p	MIMAT0018110	0.817801555289424
1029	TRAF5	ENSG00000082512	hsa-miR-7851-3p	MIMAT0030426	0.817621739303388
1030	NQO1	ENSG00000181019	hsa-miR-217-3p	MIMAT0037308	0.81736661488771
1031	PDCD6IP	ENSG00000170248	hsa-miR-217-3p	MIMAT0037308	0.817207091158283
1032	LOX	ENSG00000113083	hsa-miR-3682-3p	MIMAT0018110	0.817189898211354
1033	TAF1	ENSG00000147133	hsa-miR-3682-3p	MIMAT0018110	0.817150771630284
1034	PAQR3	ENSG00000163291	hsa-miR-649	MIMAT0003319	0.817131097205573
1035	PPT1	ENSG00000131238	hsa-miR-3682-3p	MIMAT0018110	0.817099897519247
1036	EHMT1	ENSG00000181090	hsa-miR-7851-3p	MIMAT0030426	0.816980879133897
1037	CYP4V2	ENSG00000145476	hsa-miR-7851-3p	MIMAT0030426	0.816974983969257
1038	HIF1AN	ENSG00000166135	hsa-miR-649	MIMAT0003319	0.816862475743632
1039	STRN	ENSG00000115808	hsa-miR-649	MIMAT0003319	0.816848743096865
1040	FRMD7	ENSG00000165694	hsa-miR-7851-3p	MIMAT0030426	0.816820479825066
1041	POMK	ENSG00000185900	hsa-miR-7851-3p	MIMAT0030426	0.816715209342661
1042	KPNA4	ENSG00000186432	hsa-miR-3682-3p	MIMAT0018110	0.816495296552458
1043	PLCXD1	ENSG00000182378	hsa-miR-7851-3p	MIMAT0030426	0.816493306996499
1044	SKAP2	ENSG00000005020	hsa-miR-217-3p	MIMAT0037308	0.816426029140921
1045	THAP11	ENSG00000168286	hsa-miR-7851-3p	MIMAT0030426	0.816406414535694
1046	PLLP	ENSG00000102934	hsa-miR-649	MIMAT0003319	0.816354537116984
1047	MSI2	ENSG00000153944	hsa-miR-649	MIMAT0003319	0.816127485159173
1048	SHISA7	ENSG00000187902	hsa-miR-3682-3p	MIMAT0018110	0.816122690703294
1049	SCN4B	ENSG00000177098	hsa-miR-217-3p	MIMAT0037308	0.8161028651341
1050	SMAD2	ENSG00000175387	hsa-miR-3682-3p	MIMAT0018110	0.816009931478267
1051	PABPN1	ENSG00000100836	hsa-miR-649	MIMAT0003319	0.815978740744727
1052	ARHGAP32	ENSG00000134909	hsa-miR-649	MIMAT0003319	0.815922095479737
1053	AMER1	ENSG00000184675	hsa-miR-7851-3p	MIMAT0030426	0.815812203609879
1054	PEX13	ENSG00000162928	hsa-miR-7851-3p	MIMAT0030426	0.815657442104747
1055	AGFG1	ENSG00000173744	hsa-miR-217-3p	MIMAT0037308	0.815585043690894
1056	KLHL11	ENSG00000178502	hsa-miR-217-3p	MIMAT0037308	0.815541275606507
1057	SLC30A6	ENSG00000152683	hsa-miR-3682-3p	MIMAT0018110	0.814936018908558
1058	SEC31B	ENSG00000075826	hsa-miR-3682-3p	MIMAT0018110	0.814927265985913
1059	TPRG1	ENSG00000188001	hsa-miR-3682-3p	MIMAT0018110	0.814918652346927
1060	SOX5	ENSG00000134532	hsa-miR-649	MIMAT0003319	0.814850666288531
1061	BBS4	ENSG00000140463	hsa-miR-3682-3p	MIMAT0018110	0.814732593499233
1062	TGIF2	ENSG00000118707	hsa-miR-7851-3p	MIMAT0030426	0.814553764969857
1063	OR4S2	ENSG00000174982	hsa-miR-3682-3p	MIMAT0018110	0.814531419314032
1064	RFPL1	ENSG00000128250	hsa-miR-649	MIMAT0003319	0.81439987159408
1065	ZC3H14	ENSG00000100722	hsa-miR-7851-3p	MIMAT0030426	0.814309199753376
1066	CNKSR3	ENSG00000153721	hsa-miR-217-3p	MIMAT0037308	0.814270439368593
1067	JAG1	ENSG00000101384	hsa-miR-649	MIMAT0003319	0.814196264844765
1068	ABHD16A	ENSG00000204427	hsa-miR-3682-3p	MIMAT0018110	0.814121316723193
1069	RFX3	ENSG00000080298	hsa-miR-217-3p	MIMAT0037308	0.814076668282964
1070	ERCC8	ENSG00000049167	hsa-miR-3682-3p	MIMAT0018110	0.813801216185718
1071	PTEN	ENSG00000171862	hsa-miR-217-3p	MIMAT0037308	0.813643979908821
1072	ARNT	ENSG00000143437	hsa-miR-7851-3p	MIMAT0030426	0.813628236768316
1073	IMMT	ENSG00000132305	hsa-miR-649	MIMAT0003319	0.813557346038859
1074	OR6B1	ENSG00000221813	hsa-miR-3682-3p	MIMAT0018110	0.813552254473862
1075	PURA	ENSG00000185129	hsa-miR-7851-3p	MIMAT0030426	0.813426540850307
1076	EIF3H	ENSG00000147677	hsa-miR-3682-3p	MIMAT0018110	0.813292292245827
1077	NAA30	ENSG00000139977	hsa-miR-649	MIMAT0003319	0.813024099899649
1078	BCL11B	ENSG00000127152	hsa-miR-7851-3p	MIMAT0030426	0.812710301609197
1079	OGT	ENSG00000147162	hsa-miR-217-3p	MIMAT0037308	0.812709225421025
1080	KCND2	ENSG00000184408	hsa-miR-3682-3p	MIMAT0018110	0.812690274682788
1081	ZNF652	ENSG00000198740	hsa-miR-3682-3p	MIMAT0018110	0.812244226831015
1082	CCDC201	ENSG00000283247	hsa-miR-7851-3p	MIMAT0030426	0.812224218605125
1083	ZNF112	ENSG00000062370	hsa-miR-217-3p	MIMAT0037308	0.812202144477438
1084	CCM2	ENSG00000136280	hsa-miR-3682-3p	MIMAT0018110	0.811911584789128
1085	CTBP2	ENSG00000175029	hsa-miR-217-3p	MIMAT0037308	0.811890497427899
1086	MAF	ENSG00000178573	hsa-miR-3682-3p	MIMAT0018110	0.811687159225195
1087	ADCYAP1	ENSG00000141433	hsa-miR-217-3p	MIMAT0037308	0.81160868430269
1088	AC008397.2	ENSG00000285188	hsa-miR-3682-3p	MIMAT0018110	0.811549871225246
1089	GRB14	ENSG00000115290	hsa-miR-7851-3p	MIMAT0030426	0.81153708119354
1090	SYNCRIP	ENSG00000135316	hsa-miR-649	MIMAT0003319	0.811527294134605
1091	SH3PXD2A	ENSG00000107957	hsa-miR-649	MIMAT0003319	0.81137530489701
1092	CLDN11	ENSG00000013297	hsa-miR-217-3p	MIMAT0037308	0.811310795481624
1093	ATP1A2	ENSG00000018625	hsa-miR-3682-3p	MIMAT0018110	0.811226072022997
1094	UPP2	ENSG00000007001	hsa-miR-3682-3p	MIMAT0018110	0.81115474040938
1095	STC1	ENSG00000159167	hsa-miR-649	MIMAT0003319	0.81091097491948
1096	NHSL2	ENSG00000204131	hsa-miR-7851-3p	MIMAT0030426	0.810884815362765
1097	DDN	ENSG00000181418	hsa-miR-7851-3p	MIMAT0030426	0.81086199582253
1098	NDFIP2	ENSG00000102471	hsa-miR-3682-3p	MIMAT0018110	0.810790712888539
1099	CACFD1	ENSG00000160325	hsa-miR-7851-3p	MIMAT0030426	0.810624230223859
1100	HNF4G	ENSG00000164749	hsa-miR-217-3p	MIMAT0037308	0.810558103741479
1101	PGM2L1	ENSG00000165434	hsa-miR-7851-3p	MIMAT0030426	0.810340890126441
1102	TENM1	ENSG00000009694	hsa-miR-649	MIMAT0003319	0.810141171828247
1103	COL11A1	ENSG00000060718	hsa-miR-217-3p	MIMAT0037308	0.809973252492056
1104	ZNF587B	ENSG00000269343	hsa-miR-7851-3p	MIMAT0030426	0.809966562475202
1105	MIER1	ENSG00000198160	hsa-miR-649	MIMAT0003319	0.80994951338836
1106	ARRB1	ENSG00000137486	hsa-miR-649	MIMAT0003319	0.809798988068648
1107	CACNA2D1	ENSG00000153956	hsa-miR-649	MIMAT0003319	0.809784345972164
1108	ELOA	ENSG00000011007	hsa-miR-7851-3p	MIMAT0030426	0.809672266674249
1109	ITGB3	ENSG00000259207	hsa-miR-7851-3p	MIMAT0030426	0.809449449348953
1110	ELAVL1	ENSG00000066044	hsa-miR-649	MIMAT0003319	0.809382426956461
1111	OPRM1	ENSG00000112038	hsa-miR-7851-3p	MIMAT0030426	0.809309607451074
1112	UGT1A1	ENSG00000241635	hsa-miR-3682-3p	MIMAT0018110	0.809288736066339
1113	SNTG1	ENSG00000147481	hsa-miR-7851-3p	MIMAT0030426	0.8092204305788
1114	KLF12	ENSG00000118922	hsa-miR-3682-3p	MIMAT0018110	0.809180689820789
1115	INMT-MINDY4	ENSG00000254959	hsa-miR-3682-3p	MIMAT0018110	0.809125308982082
1116	SH3TC2	ENSG00000169247	hsa-miR-217-3p	MIMAT0037308	0.809122082756612
1117	MON2	ENSG00000061987	hsa-miR-7851-3p	MIMAT0030426	0.808871110910757
1118	TTPAL	ENSG00000124120	hsa-miR-7851-3p	MIMAT0030426	0.808825187043741
1119	RHEB	ENSG00000106615	hsa-miR-3682-3p	MIMAT0018110	0.808786177724972
1120	AL354761.1	ENSG00000236543	hsa-miR-7851-3p	MIMAT0030426	0.808565631713653
1121	SLC4A8	ENSG00000050438	hsa-miR-3682-3p	MIMAT0018110	0.808491060778256
1122	SLC30A1	ENSG00000170385	hsa-miR-3682-3p	MIMAT0018110	0.808488879419555
1123	SLC1A2	ENSG00000110436	hsa-miR-3682-3p	MIMAT0018110	0.808476795369913
1124	EPHB2	ENSG00000133216	hsa-miR-7851-3p	MIMAT0030426	0.808240959020968
1125	PRICKLE2	ENSG00000163637	hsa-miR-217-3p	MIMAT0037308	0.808124957427444
1126	GCNT1	ENSG00000187210	hsa-miR-3682-3p	MIMAT0018110	0.80786363458026
1127	NWD2	ENSG00000174145	hsa-miR-217-3p	MIMAT0037308	0.807834043257635
1128	FRRS1L	ENSG00000260230	hsa-miR-649	MIMAT0003319	0.807734934760579
1129	N4BP2	ENSG00000078177	hsa-miR-217-3p	MIMAT0037308	0.807617370418443
1130	PANK3	ENSG00000120137	hsa-miR-7851-3p	MIMAT0030426	0.80761010719119
1131	ATG16L2	ENSG00000168010	hsa-miR-7851-3p	MIMAT0030426	0.807476357780329
1132	DLC1	ENSG00000164741	hsa-miR-649	MIMAT0003319	0.807381280973698
1133	DOCK9	ENSG00000088387	hsa-miR-3682-3p	MIMAT0018110	0.807313338750662
1134	TFEC	ENSG00000105967	hsa-miR-217-3p	MIMAT0037308	0.807128905121567
1135	LUZP1	ENSG00000169641	hsa-miR-3682-3p	MIMAT0018110	0.807113302969953
1136	UGT2B11	ENSG00000213759	hsa-miR-7851-3p	MIMAT0030426	0.807070598428531
1137	TIMM50	ENSG00000105197	hsa-miR-7851-3p	MIMAT0030426	0.807033475247273
1138	UBE2K	ENSG00000078140	hsa-miR-7851-3p	MIMAT0030426	0.806855715876902
1139	XPNPEP3	ENSG00000196236	hsa-miR-7851-3p	MIMAT0030426	0.806741996558783
1140	ZBTB37	ENSG00000185278	hsa-miR-3682-3p	MIMAT0018110	0.806479735875485
1141	PCCB	ENSG00000114054	hsa-miR-217-3p	MIMAT0037308	0.806471005728753
1142	GNG12	ENSG00000172380	hsa-miR-3682-3p	MIMAT0018110	0.806467331339987
1143	BRWD1	ENSG00000185658	hsa-miR-217-3p	MIMAT0037308	0.806345678220067
1144	ZNF814	ENSG00000204514	hsa-miR-7851-3p	MIMAT0030426	0.806279039092138
1145	ZNF26	ENSG00000198393	hsa-miR-217-3p	MIMAT0037308	0.806181565863309
1146	LYPLA1	ENSG00000120992	hsa-miR-7851-3p	MIMAT0030426	0.806151851839671
1147	PRELID3B	ENSG00000101166	hsa-miR-7851-3p	MIMAT0030426	0.806112632205358
1148	PRELP	ENSG00000188783	hsa-miR-217-3p	MIMAT0037308	0.805966482440847
1149	ADAMTS19	ENSG00000145808	hsa-miR-649	MIMAT0003319	0.805864769362554
1150	SV2B	ENSG00000185518	hsa-miR-7851-3p	MIMAT0030426	0.805568623011202
1151	SEMA3A	ENSG00000075213	hsa-miR-3682-3p	MIMAT0018110	0.80552921944285
1152	CHL1	ENSG00000134121	hsa-miR-649	MIMAT0003319	0.805499111177844
1153	OR2M3	ENSG00000228198	hsa-miR-7851-3p	MIMAT0030426	0.805452687638628
1154	PRRT2	ENSG00000167371	hsa-miR-3682-3p	MIMAT0018110	0.805391489353711
1155	P2RX6	ENSG00000099957	hsa-miR-7851-3p	MIMAT0030426	0.805385001777062
1156	FGF13	ENSG00000129682	hsa-miR-3682-3p	MIMAT0018110	0.805299355160273
1157	SINHCAF	ENSG00000139146	hsa-miR-3682-3p	MIMAT0018110	0.805275142038444
1158	RANBP9	ENSG00000010017	hsa-miR-649	MIMAT0003319	0.805223347545168
1159	CYB5R4	ENSG00000065615	hsa-miR-3682-3p	MIMAT0018110	0.805133303568937
1160	DNALI1	ENSG00000163879	hsa-miR-3682-3p	MIMAT0018110	0.804822152460153
1161	IL1RAP	ENSG00000196083	hsa-miR-3682-3p	MIMAT0018110	0.804820931222441
1162	ST8SIA5	ENSG00000101638	hsa-miR-7851-3p	MIMAT0030426	0.804788554088176
1163	CCL22	ENSG00000102962	hsa-miR-7851-3p	MIMAT0030426	0.804761371947998
1164	RPRD1A	ENSG00000141425	hsa-miR-649	MIMAT0003319	0.80475263539541
1165	PPP1R15B	ENSG00000158615	hsa-miR-649	MIMAT0003319	0.804719093731743
1166	MGLL	ENSG00000074416	hsa-miR-7851-3p	MIMAT0030426	0.80465545896896
1167	ELOC	ENSG00000154582	hsa-miR-3682-3p	MIMAT0018110	0.804554751469427
1168	TMEM8B	ENSG00000137103	hsa-miR-7851-3p	MIMAT0030426	0.804375453176962
1169	LARS1	ENSG00000133706	hsa-miR-7851-3p	MIMAT0030426	0.804318097544732
1170	SIT1	ENSG00000137078	hsa-miR-7851-3p	MIMAT0030426	0.804315358469119
1171	CNR1	ENSG00000118432	hsa-miR-3682-3p	MIMAT0018110	0.804103588283898
1172	TMEM212	ENSG00000186329	hsa-miR-3682-3p	MIMAT0018110	0.8040431346154
1173	SUGT1	ENSG00000165416	hsa-miR-649	MIMAT0003319	0.804037415342546
1174	ASH1L	ENSG00000116539	hsa-miR-7851-3p	MIMAT0030426	0.803950749554783
1175	FKTN	ENSG00000106692	hsa-miR-649	MIMAT0003319	0.803900163410614
1176	AMMECR1	ENSG00000101935	hsa-miR-3682-3p	MIMAT0018110	0.803892182325393
1177	AC013477.1	ENSG00000288637	hsa-miR-7851-3p	MIMAT0030426	0.803734836221442
1178	RUNX3	ENSG00000020633	hsa-miR-217-3p	MIMAT0037308	0.803646039604728
1179	MDN1	ENSG00000112159	hsa-miR-7851-3p	MIMAT0030426	0.803609002412075
1180	DTWD1	ENSG00000104047	hsa-miR-3682-3p	MIMAT0018110	0.803552607824587
1181	TPP1	ENSG00000166340	hsa-miR-7851-3p	MIMAT0030426	0.803482661555899
1182	NEUROD6	ENSG00000164600	hsa-miR-649	MIMAT0003319	0.803368549528628
1183	BCL9L	ENSG00000186174	hsa-miR-7851-3p	MIMAT0030426	0.80328874132174
1184	OR52E4	ENSG00000180974	hsa-miR-3682-3p	MIMAT0018110	0.80323021531921
1185	MORN3	ENSG00000139714	hsa-miR-649	MIMAT0003319	0.803220422350998
1186	DLAT	ENSG00000150768	hsa-miR-7851-3p	MIMAT0030426	0.803199563991941
1187	CT47A12	ENSG00000226685	hsa-miR-7851-3p	MIMAT0030426	0.802866263957479
1188	KDM5B	ENSG00000117139	hsa-miR-217-3p	MIMAT0037308	0.80285310552764
1189	SVIP	ENSG00000198168	hsa-miR-217-3p	MIMAT0037308	0.802841267073245
1190	MIB1	ENSG00000101752	hsa-miR-217-3p	MIMAT0037308	0.802810123926415
1191	VAMP3	ENSG00000049245	hsa-miR-3682-3p	MIMAT0018110	0.802572764570964
1192	ZC3H8	ENSG00000144161	hsa-miR-649	MIMAT0003319	0.802461206323286
1193	TNFRSF9	ENSG00000049249	hsa-miR-649	MIMAT0003319	0.802123518754686
1194	SMPD1	ENSG00000166311	hsa-miR-7851-3p	MIMAT0030426	0.802073082954923
1195	NSL1	ENSG00000117697	hsa-miR-217-3p	MIMAT0037308	0.802058843583138
1196	CLSTN2	ENSG00000158258	hsa-miR-3682-3p	MIMAT0018110	0.802012404581072
1197	SRGAP1	ENSG00000196935	hsa-miR-3682-3p	MIMAT0018110	0.801999757690376
1198	RAP1B	ENSG00000127314	hsa-miR-7851-3p	MIMAT0030426	0.801938778951327
1199	TJP1	ENSG00000104067	hsa-miR-217-3p	MIMAT0037308	0.80193764562323
1200	KLB	ENSG00000134962	hsa-miR-649	MIMAT0003319	0.801870544098039
1201	DENND2D	ENSG00000162777	hsa-miR-7851-3p	MIMAT0030426	0.801829361387903
1202	KCTD16	ENSG00000183775	hsa-miR-3682-3p	MIMAT0018110	0.801813691795177
1203	ZNF888	ENSG00000213793	hsa-miR-217-3p	MIMAT0037308	0.801715089894302
1204	UBN2	ENSG00000157741	hsa-miR-217-3p	MIMAT0037308	0.801648597832198
1205	MFSD9	ENSG00000135953	hsa-miR-7851-3p	MIMAT0030426	0.801588381085724
1206	MLC1	ENSG00000100427	hsa-miR-7851-3p	MIMAT0030426	0.801555821623042
1207	SYT16	ENSG00000139973	hsa-miR-217-3p	MIMAT0037308	0.80147578218705
1208	SUN1	ENSG00000164828	hsa-miR-649	MIMAT0003319	0.80138756100867
1209	RAD54L	ENSG00000085999	hsa-miR-3682-3p	MIMAT0018110	0.801348590085873
1210	MRPL43	ENSG00000055950	hsa-miR-7851-3p	MIMAT0030426	0.801216207759296
1211	TMEM178B	ENSG00000261115	hsa-miR-217-3p	MIMAT0037308	0.801112770967433
1212	COX5A	ENSG00000178741	hsa-miR-649	MIMAT0003319	0.80104842828768
1213	SLC8A1	ENSG00000183023	hsa-miR-3682-3p	MIMAT0018110	0.801017261893946
1214	LIM2	ENSG00000105370	hsa-miR-217-3p	MIMAT0037308	0.800871719247092
1215	DOCK9	ENSG00000088387	hsa-miR-649	MIMAT0003319	0.800855430860959
1216	GRIN2B	ENSG00000273079	hsa-miR-7851-3p	MIMAT0030426	0.800851606264799
1217	PHF20L1	ENSG00000129292	hsa-miR-217-3p	MIMAT0037308	0.800798144536886
1218	FBXO22	ENSG00000167196	hsa-miR-217-3p	MIMAT0037308	0.800770203091876
1219	RPS19	ENSG00000105372	hsa-miR-7851-3p	MIMAT0030426	0.800749371060682
1220	USP9X	ENSG00000124486	hsa-miR-217-3p	MIMAT0037308	0.800629366510077
1221	OCLN	ENSG00000197822	hsa-miR-649	MIMAT0003319	0.800293605985794
1222	PROX1	ENSG00000117707	hsa-miR-217-3p	MIMAT0037308	0.800225913768342
1223	MBD2	ENSG00000134046	hsa-miR-3682-3p	MIMAT0018110	0.800212906439988
1224	DDX3X	ENSG00000215301	hsa-miR-649	MIMAT0003319	0.800139377414835
1225	WDR70	ENSG00000082068	hsa-miR-649	MIMAT0003319	0.800009744184415
